
-- MySQL Script generated by MySQL Workbench
-- Fri May 19 18:13:56 2017
-- Model: New Model    Version: 1.0
-- MySQL Workbench Forward Engineering

SET @OLD_UNIQUE_CHECKS=@@UNIQUE_CHECKS, UNIQUE_CHECKS=0;
SET @OLD_FOREIGN_KEY_CHECKS=@@FOREIGN_KEY_CHECKS, FOREIGN_KEY_CHECKS=0;
SET @OLD_SQL_MODE=@@SQL_MODE, SQL_MODE='TRADITIONAL,ALLOW_INVALID_DATES';

-- -----------------------------------------------------
-- Schema GestAbsences
-- -----------------------------------------------------
DROP SCHEMA IF EXISTS `GestAbsences` ;

-- -----------------------------------------------------
-- Schema GestAbsences
-- -----------------------------------------------------
CREATE SCHEMA IF NOT EXISTS `GestAbsences` DEFAULT CHARACTER SET utf8 ;
USE `GestAbsences` ;

-- -----------------------------------------------------
-- Table `GestAbsences`.`equipe`
-- -----------------------------------------------------
DROP TABLE IF EXISTS `GestAbsences`.`equipe` ;

CREATE TABLE IF NOT EXISTS `GestAbsences`.`equipe` (
  `id` INT NOT NULL AUTO_INCREMENT,
  `nom` VARCHAR(100) NULL,
  `id_responsable` INT NULL,
  `id_hierarchie` INT NULL,
  `id_backup` INT NULL,
  PRIMARY KEY (`id`),
  INDEX `fk_equipes_equipe_idx` (`id_hierarchie` ASC),
  INDEX `fk_equipes_employe_idx` (`id_responsable` ASC),
  INDEX `fk_equipes_employe2_idx` (`id_backup` ASC))
ENGINE = InnoDB;


-- -----------------------------------------------------
-- Table `GestAbsences`.`service_rh`
-- -----------------------------------------------------
DROP TABLE IF EXISTS `GestAbsences`.`service_rh` ;

CREATE TABLE IF NOT EXISTS `GestAbsences`.`service_rh` (
  `id` INT NOT NULL AUTO_INCREMENT,
  `email` VARCHAR(255) NULL,
  `nom` VARCHAR(45) NULL,
  PRIMARY KEY (`id`))
ENGINE = InnoDB;


-- -----------------------------------------------------
-- Table `GestAbsences`.`employe`
-- -----------------------------------------------------
DROP TABLE IF EXISTS `GestAbsences`.`employe` ;

CREATE TABLE IF NOT EXISTS `GestAbsences`.`employe` (
  `id` INT NOT NULL AUTO_INCREMENT,
  `nom` VARCHAR(100) NULL,
  `prenom` VARCHAR(100) NULL,
  `matricule` VARCHAR(45) NULL,
  `nb_ca` INT NULL,
  `nb_rtt` INT NULL,
  `nb_rc` INT NULL,
  `id_equipe` INT NULL,
  `id_service_rh` INT NULL,
  PRIMARY KEY (`id`),
  INDEX `fk_employes_equipe_idx` (`id_equipe` ASC),
  INDEX `fk_employes_service_rh_idx` (`id_service_rh` ASC))
ENGINE = InnoDB;


-- -----------------------------------------------------
-- Table `GestAbsences`.`type`
-- -----------------------------------------------------
DROP TABLE IF EXISTS `GestAbsences`.`type` ;

CREATE TABLE IF NOT EXISTS `GestAbsences`.`type` (
  `id` INT NOT NULL AUTO_INCREMENT,
  `nom` VARCHAR(45) NULL,
  PRIMARY KEY (`id`))
ENGINE = InnoDB;


-- -----------------------------------------------------
-- Table `GestAbsences`.`statut`
-- -----------------------------------------------------
DROP TABLE IF EXISTS `GestAbsences`.`statut` ;

CREATE TABLE IF NOT EXISTS `GestAbsences`.`statut` (
  `id` INT NOT NULL AUTO_INCREMENT,
  `nom` VARCHAR(100) NULL,
  `code` INT NULL,
  PRIMARY KEY (`id`))
ENGINE = InnoDB;


-- -----------------------------------------------------
-- Table `GestAbsences`.`absence`
-- -----------------------------------------------------
DROP TABLE IF EXISTS `GestAbsences`.`absence` ;

CREATE TABLE IF NOT EXISTS `GestAbsences`.`absence` (
  `id` INT NOT NULL AUTO_INCREMENT,
  `num_demande` VARCHAR(10) NULL,
  `debut` DATE NULL,
  `fin` DATE NULL,
  `commentaire` longtext,
  `id_employe` INT NULL,
  `id_type` INT NULL,
  `id_statut` INT NULL,
  `date_relance` date DEFAULT NULL,
  PRIMARY KEY (`id`),
  INDEX `fk_absences_employe_idx` (`id_employe` ASC),
  INDEX `fk_absences_type_idx` (`id_type` ASC),
  INDEX `fk_absences_statut_idx` (`id_statut` ASC))
ENGINE = InnoDB;


-- -----------------------------------------------------
-- Table `GestAbsences`.`role`
-- -----------------------------------------------------
DROP TABLE IF EXISTS `GestAbsences`.`role` ;

CREATE TABLE IF NOT EXISTS `GestAbsences`.`role` (
  `id` INT NOT NULL AUTO_INCREMENT,
  `valeur` INT NULL,
  PRIMARY KEY (`id`))
ENGINE = InnoDB;


-- -----------------------------------------------------
-- Table `GestAbsences`.`num_demande`
-- -----------------------------------------------------
DROP TABLE IF EXISTS `GestAbsences`.`num_demande` ;

CREATE TABLE IF NOT EXISTS `GestAbsences`.`num_demande` (
  `id` INT NOT NULL AUTO_INCREMENT,
  `numero` VARCHAR(10) NULL,
  PRIMARY KEY (`id`))
ENGINE = InnoDB;


-- -----------------------------------------------------
-- Table `GestAbsences`.`user`
-- -----------------------------------------------------
DROP TABLE IF EXISTS `GestAbsences`.`user` ;

CREATE TABLE IF NOT EXISTS `GestAbsences`.`user` (
  `id` INT NOT NULL AUTO_INCREMENT,
  `email` VARCHAR(255) NULL,
  `password` VARCHAR(100) NULL,
  `id_employe` INT NULL,
  `id_role` INT NULL,
  PRIMARY KEY (`id`),
  INDEX `fk_user_employe_idx` (`id_employe` ASC),
  INDEX `fk_users_role_idx` (`id_role` ASC))
ENGINE = InnoDB;


SET SQL_MODE=@OLD_SQL_MODE;
SET FOREIGN_KEY_CHECKS=@OLD_FOREIGN_KEY_CHECKS;
SET UNIQUE_CHECKS=@OLD_UNIQUE_CHECKS;

USE GestAbsences;


-- -----------------------------------------------------
-- Table `GestAbsences`.`absence`
-- -----------------------------------------------------
SET AUTOCOMMIT=0;
INSERT INTO `absence` (`num_demande`,`debut`,`fin`,`commentaire`,`id_employe`,`id_type`,`id_statut`,`date_relance`) VALUES ("DEM000001","2017-06-13","2017-06-20","Lorem ipsum dolor...",1,1,4,"2017-06-07"),("DEM000002","2017-06-27","2017-07-04","Lorem ipsum dolor...",1,1,4,"2017-06-23"),("DEM000003","2017-07-05","2017-07-05","Lorem ipsum dolor...",1,2,6,"2017-06-23"),("DEM000004","2017-07-17","2017-07-25","Lorem ipsum dolor...",1,1,3,"2017-07-13"),("DEM000005","2017-08-07","2017-08-07","Lorem ipsum dolor...",1,2,5,"2017-08-04"),("DEM000006","2017-08-14","2017-08-15","Lorem ipsum dolor...",1,5,2,"2017-08-10"),("DEM000007","2017-08-18","2017-08-30","Lorem ipsum dolor...",1,1,5,"2017-08-08"),("DEM000008","2017-09-07","2017-09-08","Lorem ipsum dolor...",1,2,6,"2017-08-29"),("DEM000009","2017-09-18","2017-09-25","Lorem ipsum dolor...",1,5,6,"2017-09-07"),("DEM000010","2017-10-05","2017-10-19","Lorem ipsum dolor...",1,4,3,"2017-10-04");
INSERT INTO `absence` (`num_demande`,`debut`,`fin`,`commentaire`,`id_employe`,`id_type`,`id_statut`,`date_relance`) VALUES ("DEM000011","2017-10-31","2017-11-07","Lorem ipsum dolor...",1,1,3,"2017-10-24"),("DEM000012","2017-11-07","2017-11-20","Lorem ipsum dolor...",1,1,4,"2017-10-31"),("DEM000013","2017-12-01","2017-12-07","Lorem ipsum dolor...",1,1,6,"2017-11-29"),("DEM000014","2017-12-12","2017-12-12","Lorem ipsum dolor...",1,2,5,"2017-12-04"),("DEM000015","2017-12-20","2017-12-25","Lorem ipsum dolor...",1,1,4,"2017-12-11"),("DEM000016","2018-01-02","2018-01-03","Lorem ipsum dolor...",1,2,4,"2017-12-28"),("DEM000017","2018-01-16","2018-01-29","Lorem ipsum dolor...",1,5,2,"2018-01-11"),("DEM000018","2018-02-06","2018-02-12","Lorem ipsum dolor...",1,1,2,"2018-01-31"),("DEM000019","2018-02-19","2018-02-20","Lorem ipsum dolor...",1,2,3,"2018-02-09"),("DEM000020","2018-02-26","2018-02-27","Lorem ipsum dolor...",1,5,4,"2018-02-16");
INSERT INTO `absence` (`num_demande`,`debut`,`fin`,`commentaire`,`id_employe`,`id_type`,`id_statut`,`date_relance`) VALUES ("DEM000021","2017-06-02","2017-06-07","Lorem ipsum dolor...",2,1,5,"2017-05-25"),("DEM000022","2017-06-21","2017-07-04","Lorem ipsum dolor...",2,1,5,"2017-06-15"),("DEM000023","2017-07-11","2017-07-11","Lorem ipsum dolor...",2,2,5,"2017-07-07"),("DEM000024","2017-07-18","2017-08-01","Lorem ipsum dolor...",2,1,5,"2017-07-13"),("DEM000025","2017-08-15","2017-08-16","Lorem ipsum dolor...",2,2,2,"2017-08-09"),("DEM000026","2017-08-29","2017-08-31","Lorem ipsum dolor...",2,5,3,"2017-08-21"),("DEM000027","2017-09-04","2017-09-11","Lorem ipsum dolor...",2,1,6,"2017-09-01"),("DEM000028","2017-09-25","2017-09-26","Lorem ipsum dolor...",2,2,6,"2017-09-18"),("DEM000029","2017-10-10","2017-10-24","Lorem ipsum dolor...",2,5,6,"2017-10-03"),("DEM000030","2017-11-07","2017-11-20","Lorem ipsum dolor...",2,4,3,"2017-10-26");
INSERT INTO `absence` (`num_demande`,`debut`,`fin`,`commentaire`,`id_employe`,`id_type`,`id_statut`,`date_relance`) VALUES ("DEM000031","2017-11-29","2017-12-11","Lorem ipsum dolor...",2,1,2,"2017-11-28"),("DEM000032","2017-12-25","2017-12-26","Lorem ipsum dolor...",2,1,5,"2017-12-21"),("DEM000033","2018-01-03","2018-01-11","Lorem ipsum dolor...",2,1,3,"2017-12-29"),("DEM000034","2018-01-24","2018-01-25","Lorem ipsum dolor...",2,2,2,"2018-01-19"),("DEM000035","2018-01-30","2018-02-05","Lorem ipsum dolor...",2,1,5,"2018-01-22"),("DEM000036","2018-02-05","2018-02-06","Lorem ipsum dolor...",2,2,5,"2018-01-26"),("DEM000037","2018-02-13","2018-02-27","Lorem ipsum dolor...",2,5,4,"2018-02-05"),("DEM000038","2018-03-05","2018-03-06","Lorem ipsum dolor...",2,1,3,"2018-03-01"),("DEM000039","2018-03-19","2018-03-20","Lorem ipsum dolor...",2,2,4,"2018-03-08"),("DEM000040","2018-04-03","2018-04-16","Lorem ipsum dolor...",2,5,6,"2018-03-29");
INSERT INTO `absence` (`num_demande`,`debut`,`fin`,`commentaire`,`id_employe`,`id_type`,`id_statut`,`date_relance`) VALUES ("DEM000041","2017-06-06","2017-06-19","Lorem ipsum dolor...",3,1,4,"2017-05-31"),("DEM000042","2017-06-19","2017-07-04","Lorem ipsum dolor...",3,1,6,"2017-06-09"),("DEM000043","2017-07-07","2017-07-07","Lorem ipsum dolor...",3,2,6,"2017-06-28"),("DEM000044","2017-07-18","2017-08-01","Lorem ipsum dolor...",3,1,4,"2017-07-13"),("DEM000045","2017-08-07","2017-08-08","Lorem ipsum dolor...",3,2,4,"2017-08-04"),("DEM000046","2017-08-10","2017-08-24","Lorem ipsum dolor...",3,5,3,"2017-08-07"),("DEM000047","2017-08-30","2017-09-01","Lorem ipsum dolor...",3,1,5,"2017-08-21"),("DEM000048","2017-09-12","2017-09-13","Lorem ipsum dolor...",3,2,6,"2017-09-07"),("DEM000049","2017-09-15","2017-09-27","Lorem ipsum dolor...",3,5,2,"2017-09-05"),("DEM000050","2017-10-02","2017-10-17","Lorem ipsum dolor...",3,4,2,"2017-09-26");
INSERT INTO `absence` (`num_demande`,`debut`,`fin`,`commentaire`,`id_employe`,`id_type`,`id_statut`,`date_relance`) VALUES ("DEM000051","2017-10-23","2017-10-30","Lorem ipsum dolor...",3,1,6,"2017-10-12"),("DEM000052","2017-11-01","2017-11-09","Lorem ipsum dolor...",3,1,5,"2017-10-31"),("DEM000053","2017-11-21","2017-11-21","Lorem ipsum dolor...",3,1,5,"2017-11-09"),("DEM000054","2017-12-01","2017-12-04","Lorem ipsum dolor...",3,2,2,"2017-11-23"),("DEM000055","2017-12-11","2017-12-13","Lorem ipsum dolor...",3,1,4,"2017-12-07"),("DEM000056","2017-12-15","2017-12-18","Lorem ipsum dolor...",3,2,2,"2017-12-07"),("DEM000057","2017-12-25","2018-01-02","Lorem ipsum dolor...",3,5,3,"2017-12-22"),("DEM000058","2018-01-11","2018-01-17","Lorem ipsum dolor...",3,1,2,"2018-01-01"),("DEM000059","2018-01-29","2018-01-29","Lorem ipsum dolor...",3,2,3,"2018-01-18"),("DEM000060","2018-02-06","2018-02-20","Lorem ipsum dolor...",3,5,6,"2018-02-01");
INSERT INTO `absence` (`num_demande`,`debut`,`fin`,`commentaire`,`id_employe`,`id_type`,`id_statut`,`date_relance`) VALUES ("DEM000061","2017-06-13","2017-06-15","Lorem ipsum dolor...",4,1,4,"2017-06-07"),("DEM000062","2017-06-16","2017-06-27","Lorem ipsum dolor...",4,1,6,"2017-06-06"),("DEM000063","2017-06-29","2017-06-30","Lorem ipsum dolor...",4,2,6,"2017-06-23"),("DEM000064","2017-07-10","2017-07-17","Lorem ipsum dolor...",4,1,6,"2017-07-06"),("DEM000065","2017-07-28","2017-07-31","Lorem ipsum dolor...",4,2,5,"2017-07-27"),("DEM000066","2017-08-07","2017-08-22","Lorem ipsum dolor...",4,5,4,"2017-07-27"),("DEM000067","2017-09-01","2017-09-08","Lorem ipsum dolor...",4,1,4,"2017-08-28"),("DEM000068","2017-09-08","2017-09-08","Lorem ipsum dolor...",4,2,2,"2017-09-04"),("DEM000069","2017-09-14","2017-09-28","Lorem ipsum dolor...",4,5,5,"2017-09-08"),("DEM000070","2017-10-05","2017-10-17","Lorem ipsum dolor...",4,4,6,"2017-10-02");
INSERT INTO `absence` (`num_demande`,`debut`,`fin`,`commentaire`,`id_employe`,`id_type`,`id_statut`,`date_relance`) VALUES ("DEM000071","2017-10-24","2017-11-07","Lorem ipsum dolor...",4,1,3,"2017-10-16"),("DEM000072","2017-11-14","2017-11-16","Lorem ipsum dolor...",4,1,3,"2017-11-07"),("DEM000073","2017-11-16","2017-11-28","Lorem ipsum dolor...",4,1,2,"2017-11-10"),("DEM000074","2017-12-12","2017-12-13","Lorem ipsum dolor...",4,2,3,"2017-11-30"),("DEM000075","2017-12-13","2017-12-25","Lorem ipsum dolor...",4,1,4,"2017-12-08"),("DEM000076","2018-01-05","2018-01-08","Lorem ipsum dolor...",4,2,2,"2017-12-29"),("DEM000077","2018-01-10","2018-01-18","Lorem ipsum dolor...",4,5,2,"2018-01-05"),("DEM000078","2018-01-18","2018-01-30","Lorem ipsum dolor...",4,1,2,"2018-01-15"),("DEM000079","2018-01-30","2018-01-31","Lorem ipsum dolor...",4,2,3,"2018-01-25"),("DEM000080","2018-02-06","2018-02-09","Lorem ipsum dolor...",4,5,2,"2018-02-02");
INSERT INTO `absence` (`num_demande`,`debut`,`fin`,`commentaire`,`id_employe`,`id_type`,`id_statut`,`date_relance`) VALUES ("DEM000081","2017-06-13","2017-06-23","Lorem ipsum dolor...",5,1,4,"2017-06-09"),("DEM000082","2017-06-27","2017-07-11","Lorem ipsum dolor...",5,1,5,"2017-06-22"),("DEM000083","2017-07-17","2017-07-17","Lorem ipsum dolor...",5,2,3,"2017-07-12"),("DEM000084","2017-07-31","2017-08-10","Lorem ipsum dolor...",5,1,2,"2017-07-28"),("DEM000085","2017-08-21","2017-08-22","Lorem ipsum dolor...",5,2,3,"2017-08-17"),("DEM000086","2017-09-04","2017-09-18","Lorem ipsum dolor...",5,5,3,"2017-08-28"),("DEM000087","2017-09-26","2017-10-03","Lorem ipsum dolor...",5,1,4,"2017-09-21"),("DEM000088","2017-10-16","2017-10-16","Lorem ipsum dolor...",5,2,6,"2017-10-06"),("DEM000089","2017-10-25","2017-10-30","Lorem ipsum dolor...",5,5,3,"2017-10-18"),("DEM000090","2017-11-01","2017-11-10","Lorem ipsum dolor...",5,4,6,"2017-10-26");
INSERT INTO `absence` (`num_demande`,`debut`,`fin`,`commentaire`,`id_employe`,`id_type`,`id_statut`,`date_relance`) VALUES ("DEM000091","2017-11-17","2017-11-30","Lorem ipsum dolor...",5,1,6,"2017-11-09"),("DEM000092","2017-12-07","2017-12-11","Lorem ipsum dolor...",5,1,4,"2017-11-30"),("DEM000093","2017-12-25","2017-12-27","Lorem ipsum dolor...",5,1,4,"2017-12-14"),("DEM000094","2018-01-01","2018-01-02","Lorem ipsum dolor...",5,2,3,"2017-12-28"),("DEM000095","2018-01-09","2018-01-18","Lorem ipsum dolor...",5,1,5,"2018-01-04"),("DEM000096","2018-02-01","2018-02-01","Lorem ipsum dolor...",5,2,4,"2018-01-31"),("DEM000097","2018-02-05","2018-02-20","Lorem ipsum dolor...",5,5,2,"2018-02-02"),("DEM000098","2018-02-26","2018-03-06","Lorem ipsum dolor...",5,1,3,"2018-02-23"),("DEM000099","2018-03-20","2018-03-21","Lorem ipsum dolor...",5,2,6,"2018-03-13"),("DEM000100","2018-04-02","2018-04-13","Lorem ipsum dolor...",5,5,5,"2018-03-27");
INSERT INTO `absence` (`num_demande`,`debut`,`fin`,`commentaire`,`id_employe`,`id_type`,`id_statut`,`date_relance`) VALUES ("DEM000101","2017-05-31","2017-06-05","Lorem ipsum dolor...",6,1,4,"2017-05-23"),("DEM000102","2017-06-06","2017-06-12","Lorem ipsum dolor...",6,1,5,"2017-06-05"),("DEM000103","2017-06-20","2017-06-21","Lorem ipsum dolor...",6,2,4,"2017-06-13"),("DEM000104","2017-07-04","2017-07-11","Lorem ipsum dolor...",6,1,6,"2017-07-03"),("DEM000105","2017-07-17","2017-07-17","Lorem ipsum dolor...",6,2,4,"2017-07-14"),("DEM000106","2017-07-25","2017-08-07","Lorem ipsum dolor...",6,5,6,"2017-07-20"),("DEM000107","2017-08-14","2017-08-28","Lorem ipsum dolor...",6,1,4,"2017-08-11"),("DEM000108","2017-08-28","2017-08-28","Lorem ipsum dolor...",6,2,3,"2017-08-24"),("DEM000109","2017-08-28","2017-08-31","Lorem ipsum dolor...",6,5,4,"2017-08-24"),("DEM000110","2017-09-12","2017-09-22","Lorem ipsum dolor...",6,4,6,"2017-09-05");
INSERT INTO `absence` (`num_demande`,`debut`,`fin`,`commentaire`,`id_employe`,`id_type`,`id_statut`,`date_relance`) VALUES ("DEM000111","2017-09-27","2017-10-03","Lorem ipsum dolor...",6,1,4,"2017-09-22"),("DEM000112","2017-10-13","2017-10-26","Lorem ipsum dolor...",6,1,3,"2017-10-06"),("DEM000113","2017-11-07","2017-11-15","Lorem ipsum dolor...",6,1,4,"2017-10-27"),("DEM000114","2017-11-20","2017-11-21","Lorem ipsum dolor...",6,2,2,"2017-11-14"),("DEM000115","2017-11-27","2017-11-30","Lorem ipsum dolor...",6,1,4,"2017-11-16"),("DEM000116","2017-12-04","2017-12-04","Lorem ipsum dolor...",6,2,4,"2017-11-24"),("DEM000117","2017-12-11","2017-12-12","Lorem ipsum dolor...",6,5,3,"2017-12-08"),("DEM000118","2017-12-18","2017-12-25","Lorem ipsum dolor...",6,1,3,"2017-12-08"),("DEM000119","2018-01-05","2018-01-08","Lorem ipsum dolor...",6,2,4,"2017-12-28"),("DEM000120","2018-01-17","2018-01-23","Lorem ipsum dolor...",6,5,6,"2018-01-05");
INSERT INTO `absence` (`num_demande`,`debut`,`fin`,`commentaire`,`id_employe`,`id_type`,`id_statut`,`date_relance`) VALUES ("DEM000121","2017-06-12","2017-06-23","Lorem ipsum dolor...",7,1,6,"2017-06-08"),("DEM000122","2017-06-28","2017-07-11","Lorem ipsum dolor...",7,1,5,"2017-06-16"),("DEM000123","2017-07-25","2017-07-26","Lorem ipsum dolor...",7,2,5,"2017-07-13"),("DEM000124","2017-08-07","2017-08-17","Lorem ipsum dolor...",7,1,5,"2017-07-27"),("DEM000125","2017-08-17","2017-08-18","Lorem ipsum dolor...",7,2,4,"2017-08-10"),("DEM000126","2017-08-22","2017-08-28","Lorem ipsum dolor...",7,5,2,"2017-08-17"),("DEM000127","2017-09-01","2017-09-04","Lorem ipsum dolor...",7,1,4,"2017-08-22"),("DEM000128","2017-09-15","2017-09-15","Lorem ipsum dolor...",7,2,3,"2017-09-11"),("DEM000129","2017-09-19","2017-10-03","Lorem ipsum dolor...",7,5,5,"2017-09-15"),("DEM000130","2017-10-06","2017-10-13","Lorem ipsum dolor...",7,4,4,"2017-10-05");
INSERT INTO `absence` (`num_demande`,`debut`,`fin`,`commentaire`,`id_employe`,`id_type`,`id_statut`,`date_relance`) VALUES ("DEM000131","2017-10-17","2017-10-31","Lorem ipsum dolor...",7,1,2,"2017-10-10"),("DEM000132","2017-11-06","2017-11-07","Lorem ipsum dolor...",7,1,3,"2017-10-31"),("DEM000133","2017-11-13","2017-11-23","Lorem ipsum dolor...",7,1,2,"2017-11-10"),("DEM000134","2017-11-27","2017-11-28","Lorem ipsum dolor...",7,2,4,"2017-11-16"),("DEM000135","2017-12-07","2017-12-14","Lorem ipsum dolor...",7,1,6,"2017-12-01"),("DEM000136","2017-12-19","2017-12-19","Lorem ipsum dolor...",7,2,6,"2017-12-13"),("DEM000137","2017-12-29","2018-01-02","Lorem ipsum dolor...",7,5,5,"2017-12-26"),("DEM000138","2018-01-15","2018-01-30","Lorem ipsum dolor...",7,1,3,"2018-01-08"),("DEM000139","2018-02-01","2018-02-01","Lorem ipsum dolor...",7,2,5,"2018-01-29"),("DEM000140","2018-02-12","2018-02-19","Lorem ipsum dolor...",7,5,6,"2018-02-01");
INSERT INTO `absence` (`num_demande`,`debut`,`fin`,`commentaire`,`id_employe`,`id_type`,`id_statut`,`date_relance`) VALUES ("DEM000141","2017-05-31","2017-06-08","Lorem ipsum dolor...",8,1,6,"2017-05-29"),("DEM000142","2017-06-15","2017-06-29","Lorem ipsum dolor...",8,1,4,"2017-06-08"),("DEM000143","2017-07-05","2017-07-06","Lorem ipsum dolor...",8,2,4,"2017-06-28"),("DEM000144","2017-07-13","2017-07-13","Lorem ipsum dolor...",8,1,4,"2017-07-10"),("DEM000145","2017-07-13","2017-07-13","Lorem ipsum dolor...",8,2,6,"2017-07-10"),("DEM000146","2017-07-20","2017-07-31","Lorem ipsum dolor...",8,5,4,"2017-07-14"),("DEM000147","2017-08-08","2017-08-14","Lorem ipsum dolor...",8,1,3,"2017-08-07"),("DEM000148","2017-08-21","2017-08-22","Lorem ipsum dolor...",8,2,6,"2017-08-14"),("DEM000149","2017-09-04","2017-09-12","Lorem ipsum dolor...",8,5,5,"2017-09-01"),("DEM000150","2017-09-18","2017-10-03","Lorem ipsum dolor...",8,4,2,"2017-09-08");
INSERT INTO `absence` (`num_demande`,`debut`,`fin`,`commentaire`,`id_employe`,`id_type`,`id_statut`,`date_relance`) VALUES ("DEM000151","2017-10-09","2017-10-19","Lorem ipsum dolor...",8,1,4,"2017-10-02"),("DEM000152","2017-10-24","2017-11-03","Lorem ipsum dolor...",8,1,3,"2017-10-20"),("DEM000153","2017-11-13","2017-11-22","Lorem ipsum dolor...",8,1,2,"2017-11-10"),("DEM000154","2017-11-27","2017-11-27","Lorem ipsum dolor...",8,2,3,"2017-11-20"),("DEM000155","2017-12-06","2017-12-14","Lorem ipsum dolor...",8,1,6,"2017-11-30"),("DEM000156","2017-12-18","2017-12-18","Lorem ipsum dolor...",8,2,4,"2017-12-12"),("DEM000157","2017-12-22","2017-12-27","Lorem ipsum dolor...",8,5,4,"2017-12-15"),("DEM000158","2017-12-28","2018-01-11","Lorem ipsum dolor...",8,1,2,"2017-12-21"),("DEM000159","2018-01-25","2018-01-26","Lorem ipsum dolor...",8,2,4,"2018-01-16"),("DEM000160","2018-01-30","2018-02-13","Lorem ipsum dolor...",8,5,6,"2018-01-25");
INSERT INTO `absence` (`num_demande`,`debut`,`fin`,`commentaire`,`id_employe`,`id_type`,`id_statut`,`date_relance`) VALUES ("DEM000161","2017-06-06","2017-06-06","Lorem ipsum dolor...",9,1,5,"2017-05-31"),("DEM000162","2017-06-12","2017-06-13","Lorem ipsum dolor...",9,1,4,"2017-06-06"),("DEM000163","2017-06-20","2017-06-20","Lorem ipsum dolor...",9,2,4,"2017-06-16"),("DEM000164","2017-07-04","2017-07-05","Lorem ipsum dolor...",9,1,4,"2017-06-30"),("DEM000165","2017-07-07","2017-07-07","Lorem ipsum dolor...",9,2,5,"2017-07-05"),("DEM000166","2017-07-17","2017-07-26","Lorem ipsum dolor...",9,5,3,"2017-07-11"),("DEM000167","2017-07-26","2017-08-08","Lorem ipsum dolor...",9,1,5,"2017-07-20"),("DEM000168","2017-08-21","2017-08-21","Lorem ipsum dolor...",9,2,2,"2017-08-17"),("DEM000169","2017-09-04","2017-09-11","Lorem ipsum dolor...",9,5,4,"2017-08-30"),("DEM000170","2017-09-25","2017-10-10","Lorem ipsum dolor...",9,4,5,"2017-09-22");
INSERT INTO `absence` (`num_demande`,`debut`,`fin`,`commentaire`,`id_employe`,`id_type`,`id_statut`,`date_relance`) VALUES ("DEM000171","2017-10-16","2017-10-25","Lorem ipsum dolor...",9,1,3,"2017-10-11"),("DEM000172","2017-11-01","2017-11-13","Lorem ipsum dolor...",9,1,3,"2017-10-20"),("DEM000173","2017-11-14","2017-11-22","Lorem ipsum dolor...",9,1,2,"2017-11-07"),("DEM000174","2017-11-23","2017-11-24","Lorem ipsum dolor...",9,2,3,"2017-11-16"),("DEM000175","2017-11-27","2017-12-08","Lorem ipsum dolor...",9,1,2,"2017-11-20"),("DEM000176","2017-12-21","2017-12-22","Lorem ipsum dolor...",9,2,5,"2017-12-14"),("DEM000177","2018-01-02","2018-01-04","Lorem ipsum dolor...",9,5,4,"2017-12-28"),("DEM000178","2018-01-17","2018-01-19","Lorem ipsum dolor...",9,1,2,"2018-01-12"),("DEM000179","2018-01-24","2018-01-24","Lorem ipsum dolor...",9,2,6,"2018-01-12"),("DEM000180","2018-01-31","2018-02-14","Lorem ipsum dolor...",9,5,3,"2018-01-30");
INSERT INTO `absence` (`num_demande`,`debut`,`fin`,`commentaire`,`id_employe`,`id_type`,`id_statut`,`date_relance`) VALUES ("DEM000181","2017-06-12","2017-06-26","Lorem ipsum dolor...",10,1,5,"2017-06-09"),("DEM000182","2017-07-10","2017-07-11","Lorem ipsum dolor...",10,1,5,"2017-07-03"),("DEM000183","2017-07-12","2017-07-13","Lorem ipsum dolor...",10,2,5,"2017-07-04"),("DEM000184","2017-07-18","2017-08-01","Lorem ipsum dolor...",10,1,6,"2017-07-12"),("DEM000185","2017-08-08","2017-08-09","Lorem ipsum dolor...",10,2,2,"2017-08-04"),("DEM000186","2017-08-22","2017-08-28","Lorem ipsum dolor...",10,5,6,"2017-08-16"),("DEM000187","2017-09-11","2017-09-25","Lorem ipsum dolor...",10,1,3,"2017-09-01"),("DEM000188","2017-10-09","2017-10-09","Lorem ipsum dolor...",10,2,5,"2017-10-04"),("DEM000189","2017-10-18","2017-10-25","Lorem ipsum dolor...",10,5,4,"2017-10-09"),("DEM000190","2017-11-07","2017-11-20","Lorem ipsum dolor...",10,4,3,"2017-11-02");
INSERT INTO `absence` (`num_demande`,`debut`,`fin`,`commentaire`,`id_employe`,`id_type`,`id_statut`,`date_relance`) VALUES ("DEM000191","2017-11-27","2017-11-27","Lorem ipsum dolor...",10,1,2,"2017-11-24"),("DEM000192","2017-11-27","2017-12-12","Lorem ipsum dolor...",10,1,2,"2017-11-20"),("DEM000193","2017-12-26","2017-12-26","Lorem ipsum dolor...",10,1,3,"2017-12-20"),("DEM000194","2018-01-03","2018-01-03","Lorem ipsum dolor...",10,2,3,"2017-12-25"),("DEM000195","2018-01-11","2018-01-22","Lorem ipsum dolor...",10,1,6,"2018-01-02"),("DEM000196","2018-02-05","2018-02-06","Lorem ipsum dolor...",10,2,6,"2018-01-26"),("DEM000197","2018-02-15","2018-02-19","Lorem ipsum dolor...",10,5,2,"2018-02-13"),("DEM000198","2018-02-27","2018-03-05","Lorem ipsum dolor...",10,1,6,"2018-02-23"),("DEM000199","2018-03-15","2018-03-15","Lorem ipsum dolor...",10,2,4,"2018-03-12"),("DEM000200","2018-03-22","2018-03-26","Lorem ipsum dolor...",10,5,5,"2018-03-15");
INSERT INTO `absence` (`num_demande`,`debut`,`fin`,`commentaire`,`id_employe`,`id_type`,`id_statut`,`date_relance`) VALUES ("DEM000210","2017-10-10","2017-10-19","Lorem ipsum dolor...",11,4,6,"2017-10-06"),("DEM000211","2017-10-24","2017-10-26","Lorem ipsum dolor...",11,1,2,"2017-10-17"),("DEM000212","2017-11-06","2017-11-16","Lorem ipsum dolor...",11,1,6,"2017-11-03"),("DEM000213","2017-11-28","2017-12-01","Lorem ipsum dolor...",11,1,3,"2017-11-23"),("DEM000214","2017-12-11","2017-12-12","Lorem ipsum dolor...",11,2,4,"2017-12-08"),("DEM000215","2017-12-20","2018-01-02","Lorem ipsum dolor...",11,1,3,"2017-12-15"),("DEM000216","2018-01-16","2018-01-16","Lorem ipsum dolor...",11,2,4,"2018-01-08"),("DEM000217","2018-01-26","2018-02-01","Lorem ipsum dolor...",11,5,4,"2018-01-17"),("DEM000218","2018-02-05","2018-02-19","Lorem ipsum dolor...",11,1,2,"2018-02-01"),("DEM000219","2018-02-21","2018-02-21","Lorem ipsum dolor...",11,2,5,"2018-02-14");
INSERT INTO `absence` (`num_demande`,`debut`,`fin`,`commentaire`,`id_employe`,`id_type`,`id_statut`,`date_relance`) VALUES ("DEM000220","2018-02-22","2018-02-26","Lorem ipsum dolor...",11,5,2,"2018-02-20"),("DEM000221","2017-06-06","2017-06-13","Lorem ipsum dolor...",12,1,4,"2017-05-26"),("DEM000222","2017-06-21","2017-06-23","Lorem ipsum dolor...",12,1,5,"2017-06-09"),("DEM000223","2017-06-29","2017-06-30","Lorem ipsum dolor...",12,2,4,"2017-06-27"),("DEM000224","2017-07-10","2017-07-21","Lorem ipsum dolor...",12,1,6,"2017-07-03"),("DEM000225","2017-07-25","2017-07-26","Lorem ipsum dolor...",12,2,5,"2017-07-14"),("DEM000226","2017-07-31","2017-08-04","Lorem ipsum dolor...",12,5,4,"2017-07-21"),("DEM000227","2017-08-04","2017-08-14","Lorem ipsum dolor...",12,1,6,"2017-08-02"),("DEM000228","2017-08-21","2017-08-21","Lorem ipsum dolor...",12,2,2,"2017-08-14"),("DEM000229","2017-09-05","2017-09-12","Lorem ipsum dolor...",12,5,4,"2017-08-29");
INSERT INTO `absence` (`num_demande`,`debut`,`fin`,`commentaire`,`id_employe`,`id_type`,`id_statut`,`date_relance`) VALUES ("DEM000230","2017-09-18","2017-09-18","Lorem ipsum dolor...",12,4,4,"2017-09-14"),("DEM000231","2017-09-28","2017-09-29","Lorem ipsum dolor...",12,1,6,"2017-09-19"),("DEM000232","2017-10-11","2017-10-18","Lorem ipsum dolor...",12,1,6,"2017-10-02"),("DEM000233","2017-10-25","2017-11-06","Lorem ipsum dolor...",12,1,4,"2017-10-24"),("DEM000234","2017-11-13","2017-11-13","Lorem ipsum dolor...",12,2,4,"2017-11-08"),("DEM000235","2017-11-21","2017-11-28","Lorem ipsum dolor...",12,1,4,"2017-11-20"),("DEM000236","2017-12-05","2017-12-06","Lorem ipsum dolor...",12,2,3,"2017-12-04"),("DEM000237","2017-12-06","2017-12-08","Lorem ipsum dolor...",12,5,6,"2017-12-01"),("DEM000238","2017-12-21","2018-01-01","Lorem ipsum dolor...",12,1,4,"2017-12-11"),("DEM000239","2018-01-10","2018-01-10","Lorem ipsum dolor...",12,2,4,"2018-01-03");
INSERT INTO `absence` (`num_demande`,`debut`,`fin`,`commentaire`,`id_employe`,`id_type`,`id_statut`,`date_relance`) VALUES ("DEM000240","2018-01-15","2018-01-29","Lorem ipsum dolor...",12,5,3,"2018-01-08"),("DEM000241","2017-06-14","2017-06-20","Lorem ipsum dolor...",13,1,6,"2017-06-08"),("DEM000242","2017-06-23","2017-06-28","Lorem ipsum dolor...",13,1,6,"2017-06-16"),("DEM000243","2017-07-11","2017-07-12","Lorem ipsum dolor...",13,2,6,"2017-07-05"),("DEM000244","2017-07-12","2017-07-17","Lorem ipsum dolor...",13,1,6,"2017-06-30"),("DEM000245","2017-07-17","2017-07-17","Lorem ipsum dolor...",13,2,6,"2017-07-11"),("DEM000246","2017-07-20","2017-07-24","Lorem ipsum dolor...",13,5,5,"2017-07-18"),("DEM000247","2017-08-03","2017-08-11","Lorem ipsum dolor...",13,1,5,"2017-07-28"),("DEM000248","2017-08-22","2017-08-22","Lorem ipsum dolor...",13,2,2,"2017-08-15"),("DEM000249","2017-08-23","2017-08-30","Lorem ipsum dolor...",13,5,2,"2017-08-14");
INSERT INTO `absence` (`num_demande`,`debut`,`fin`,`commentaire`,`id_employe`,`id_type`,`id_statut`,`date_relance`) VALUES ("DEM000250","2017-09-12","2017-09-19","Lorem ipsum dolor...",13,4,3,"2017-09-08"),("DEM000251","2017-09-26","2017-09-27","Lorem ipsum dolor...",13,1,5,"2017-09-19"),("DEM000252","2017-10-02","2017-10-10","Lorem ipsum dolor...",13,1,4,"2017-09-22"),("DEM000253","2017-10-17","2017-10-17","Lorem ipsum dolor...",13,1,3,"2017-10-09"),("DEM000254","2017-10-19","2017-10-19","Lorem ipsum dolor...",13,2,2,"2017-10-12"),("DEM000255","2017-10-24","2017-10-31","Lorem ipsum dolor...",13,1,4,"2017-10-19"),("DEM000256","2017-11-01","2017-11-02","Lorem ipsum dolor...",13,2,3,"2017-10-26"),("DEM000257","2017-11-07","2017-11-21","Lorem ipsum dolor...",13,5,6,"2017-10-31"),("DEM000258","2017-12-04","2017-12-05","Lorem ipsum dolor...",13,1,4,"2017-11-23"),("DEM000259","2017-12-18","2017-12-19","Lorem ipsum dolor...",13,2,6,"2017-12-14");
INSERT INTO `absence` (`num_demande`,`debut`,`fin`,`commentaire`,`id_employe`,`id_type`,`id_statut`,`date_relance`) VALUES ("DEM000260","2018-01-02","2018-01-12","Lorem ipsum dolor...",13,5,2,"2018-01-01"),("DEM000261","2017-06-06","2017-06-16","Lorem ipsum dolor...",14,1,6,"2017-06-01"),("DEM000262","2017-06-26","2017-07-10","Lorem ipsum dolor...",14,1,4,"2017-06-16"),("DEM000263","2017-07-25","2017-07-26","Lorem ipsum dolor...",14,2,3,"2017-07-20"),("DEM000264","2017-08-01","2017-08-02","Lorem ipsum dolor...",14,1,3,"2017-07-27"),("DEM000265","2017-08-14","2017-08-14","Lorem ipsum dolor...",14,2,3,"2017-08-08"),("DEM000266","2017-08-22","2017-08-28","Lorem ipsum dolor...",14,5,6,"2017-08-17"),("DEM000267","2017-09-04","2017-09-19","Lorem ipsum dolor...",14,1,6,"2017-08-28"),("DEM000268","2017-10-02","2017-10-03","Lorem ipsum dolor...",14,2,2,"2017-09-27"),("DEM000269","2017-10-12","2017-10-16","Lorem ipsum dolor...",14,5,6,"2017-10-02");
INSERT INTO `absence` (`num_demande`,`debut`,`fin`,`commentaire`,`id_employe`,`id_type`,`id_statut`,`date_relance`) VALUES ("DEM000270","2017-10-26","2017-10-31","Lorem ipsum dolor...",14,4,5,"2017-10-19"),("DEM000271","2017-11-13","2017-11-27","Lorem ipsum dolor...",14,1,5,"2017-11-09"),("DEM000272","2017-12-05","2017-12-06","Lorem ipsum dolor...",14,1,2,"2017-11-30"),("DEM000273","2017-12-11","2017-12-12","Lorem ipsum dolor...",14,1,4,"2017-11-30"),("DEM000274","2017-12-21","2017-12-22","Lorem ipsum dolor...",14,2,3,"2017-12-15"),("DEM000275","2018-01-02","2018-01-15","Lorem ipsum dolor...",14,1,4,"2017-12-27"),("DEM000276","2018-01-17","2018-01-18","Lorem ipsum dolor...",14,2,3,"2018-01-11"),("DEM000277","2018-01-23","2018-01-29","Lorem ipsum dolor...",14,5,3,"2018-01-22"),("DEM000278","2018-01-30","2018-02-12","Lorem ipsum dolor...",14,1,2,"2018-01-19"),("DEM000279","2018-02-20","2018-02-20","Lorem ipsum dolor...",14,2,4,"2018-02-13");
INSERT INTO `absence` (`num_demande`,`debut`,`fin`,`commentaire`,`id_employe`,`id_type`,`id_statut`,`date_relance`) VALUES ("DEM000280","2018-02-26","2018-02-28","Lorem ipsum dolor...",14,5,5,"2018-02-21"),("DEM000281","2017-06-13","2017-06-22","Lorem ipsum dolor...",15,1,5,"2017-06-08"),("DEM000282","2017-06-22","2017-06-26","Lorem ipsum dolor...",15,1,4,"2017-06-15"),("DEM000283","2017-07-07","2017-07-10","Lorem ipsum dolor...",15,2,4,"2017-07-04"),("DEM000284","2017-07-19","2017-07-21","Lorem ipsum dolor...",15,1,3,"2017-07-14"),("DEM000285","2017-07-21","2017-07-21","Lorem ipsum dolor...",15,2,5,"2017-07-17"),("DEM000286","2017-07-31","2017-08-11","Lorem ipsum dolor...",15,5,4,"2017-07-24"),("DEM000287","2017-08-17","2017-08-22","Lorem ipsum dolor...",15,1,3,"2017-08-15"),("DEM000288","2017-09-05","2017-09-06","Lorem ipsum dolor...",15,2,4,"2017-08-31"),("DEM000289","2017-09-08","2017-09-15","Lorem ipsum dolor...",15,5,5,"2017-09-04");
INSERT INTO `absence` (`num_demande`,`debut`,`fin`,`commentaire`,`id_employe`,`id_type`,`id_statut`,`date_relance`) VALUES ("DEM000290","2017-09-26","2017-10-03","Lorem ipsum dolor...",15,4,5,"2017-09-22"),("DEM000291","2017-10-06","2017-10-10","Lorem ipsum dolor...",15,1,5,"2017-09-28"),("DEM000292","2017-10-11","2017-10-20","Lorem ipsum dolor...",15,1,5,"2017-10-09"),("DEM000293","2017-10-20","2017-11-02","Lorem ipsum dolor...",15,1,4,"2017-10-19"),("DEM000294","2017-11-09","2017-11-09","Lorem ipsum dolor...",15,2,2,"2017-11-06"),("DEM000295","2017-11-22","2017-12-04","Lorem ipsum dolor...",15,1,6,"2017-11-13"),("DEM000296","2017-12-18","2017-12-19","Lorem ipsum dolor...",15,2,5,"2017-12-08"),("DEM000297","2017-12-26","2018-01-01","Lorem ipsum dolor...",15,5,6,"2017-12-19"),("DEM000298","2018-01-08","2018-01-15","Lorem ipsum dolor...",15,1,6,"2018-01-04"),("DEM000299","2018-01-22","2018-01-23","Lorem ipsum dolor...",15,2,6,"2018-01-12");
INSERT INTO `absence` (`num_demande`,`debut`,`fin`,`commentaire`,`id_employe`,`id_type`,`id_statut`,`date_relance`) VALUES ("DEM000300","2018-02-01","2018-02-07","Lorem ipsum dolor...",15,5,3,"2018-01-22"),("DEM000301","2017-06-13","2017-06-23","Lorem ipsum dolor...",16,1,6,"2017-06-09"),("DEM000302","2017-06-29","2017-06-30","Lorem ipsum dolor...",16,1,6,"2017-06-23"),("DEM000303","2017-07-04","2017-07-05","Lorem ipsum dolor...",16,2,5,"2017-06-22"),("DEM000304","2017-07-11","2017-07-24","Lorem ipsum dolor...",16,1,4,"2017-07-07"),("DEM000305","2017-07-28","2017-07-28","Lorem ipsum dolor...",16,2,4,"2017-07-25"),("DEM000306","2017-08-01","2017-08-11","Lorem ipsum dolor...",16,5,6,"2017-07-24"),("DEM000307","2017-08-24","2017-08-31","Lorem ipsum dolor...",16,1,2,"2017-08-17"),("DEM000308","2017-08-31","2017-09-01","Lorem ipsum dolor...",16,2,4,"2017-08-24"),("DEM000309","2017-09-11","2017-09-14","Lorem ipsum dolor...",16,5,2,"2017-09-04");
INSERT INTO `absence` (`num_demande`,`debut`,`fin`,`commentaire`,`id_employe`,`id_type`,`id_statut`,`date_relance`) VALUES ("DEM000310","2017-09-18","2017-09-18","Lorem ipsum dolor...",16,4,2,"2017-09-14"),("DEM000311","2017-09-19","2017-09-29","Lorem ipsum dolor...",16,1,4,"2017-09-14"),("DEM000312","2017-10-03","2017-10-03","Lorem ipsum dolor...",16,1,3,"2017-09-29"),("DEM000313","2017-10-17","2017-10-30","Lorem ipsum dolor...",16,1,5,"2017-10-12"),("DEM000314","2017-11-14","2017-11-14","Lorem ipsum dolor...",16,2,6,"2017-11-08"),("DEM000315","2017-11-28","2017-12-12","Lorem ipsum dolor...",16,1,2,"2017-11-24"),("DEM000316","2017-12-15","2017-12-15","Lorem ipsum dolor...",16,2,4,"2017-12-12"),("DEM000317","2017-12-18","2017-12-25","Lorem ipsum dolor...",16,5,6,"2017-12-11"),("DEM000318","2017-12-26","2018-01-03","Lorem ipsum dolor...",16,1,6,"2017-12-15"),("DEM000319","2018-01-15","2018-01-16","Lorem ipsum dolor...",16,2,6,"2018-01-04");
INSERT INTO `absence` (`num_demande`,`debut`,`fin`,`commentaire`,`id_employe`,`id_type`,`id_statut`,`date_relance`) VALUES ("DEM000320","2018-01-23","2018-02-05","Lorem ipsum dolor...",16,5,3,"2018-01-11"),("DEM000321","2017-06-13","2017-06-26","Lorem ipsum dolor...",17,1,5,"2017-06-01"),("DEM000322","2017-07-03","2017-07-10","Lorem ipsum dolor...",17,1,6,"2017-06-30"),("DEM000323","2017-07-24","2017-07-25","Lorem ipsum dolor...",17,2,5,"2017-07-14"),("DEM000324","2017-07-27","2017-08-01","Lorem ipsum dolor...",17,1,2,"2017-07-19"),("DEM000325","2017-08-11","2017-08-14","Lorem ipsum dolor...",17,2,6,"2017-08-09"),("DEM000326","2017-08-24","2017-09-06","Lorem ipsum dolor...",17,5,4,"2017-08-18"),("DEM000327","2017-09-13","2017-09-13","Lorem ipsum dolor...",17,1,5,"2017-09-04"),("DEM000328","2017-09-21","2017-09-21","Lorem ipsum dolor...",17,2,2,"2017-09-15"),("DEM000329","2017-09-28","2017-10-11","Lorem ipsum dolor...",17,5,3,"2017-09-27");
INSERT INTO `absence` (`num_demande`,`debut`,`fin`,`commentaire`,`id_employe`,`id_type`,`id_statut`,`date_relance`) VALUES ("DEM000330","2017-10-23","2017-11-03","Lorem ipsum dolor...",17,4,4,"2017-10-13"),("DEM000331","2017-11-09","2017-11-15","Lorem ipsum dolor...",17,1,3,"2017-11-03"),("DEM000332","2017-11-27","2017-11-29","Lorem ipsum dolor...",17,1,6,"2017-11-21"),("DEM000333","2017-12-06","2017-12-12","Lorem ipsum dolor...",17,1,6,"2017-12-05"),("DEM000334","2017-12-12","2017-12-12","Lorem ipsum dolor...",17,2,2,"2017-12-07"),("DEM000335","2017-12-26","2018-01-09","Lorem ipsum dolor...",17,1,3,"2017-12-22"),("DEM000336","2018-01-23","2018-01-24","Lorem ipsum dolor...",17,2,6,"2018-01-15"),("DEM000337","2018-01-26","2018-01-29","Lorem ipsum dolor...",17,5,2,"2018-01-19"),("DEM000338","2018-02-12","2018-02-16","Lorem ipsum dolor...",17,1,4,"2018-02-05"),("DEM000339","2018-02-27","2018-02-28","Lorem ipsum dolor...",17,2,5,"2018-02-19");
INSERT INTO `absence` (`num_demande`,`debut`,`fin`,`commentaire`,`id_employe`,`id_type`,`id_statut`,`date_relance`) VALUES ("DEM000340","2018-03-12","2018-03-21","Lorem ipsum dolor...",17,5,5,"2018-03-09"),("DEM000341","2017-06-02","2017-06-14","Lorem ipsum dolor...",18,1,5,"2017-05-25"),("DEM000342","2017-06-28","2017-07-03","Lorem ipsum dolor...",18,1,5,"2017-06-22"),("DEM000343","2017-07-10","2017-07-10","Lorem ipsum dolor...",18,2,5,"2017-07-06"),("DEM000344","2017-07-11","2017-07-25","Lorem ipsum dolor...",18,1,4,"2017-07-03"),("DEM000345","2017-08-01","2017-08-01","Lorem ipsum dolor...",18,2,5,"2017-07-21"),("DEM000346","2017-08-08","2017-08-14","Lorem ipsum dolor...",18,5,2,"2017-08-01"),("DEM000347","2017-08-15","2017-08-17","Lorem ipsum dolor...",18,1,4,"2017-08-14"),("DEM000348","2017-08-21","2017-08-21","Lorem ipsum dolor...",18,2,6,"2017-08-18"),("DEM000349","2017-09-04","2017-09-04","Lorem ipsum dolor...",18,5,3,"2017-08-28");
INSERT INTO `absence` (`num_demande`,`debut`,`fin`,`commentaire`,`id_employe`,`id_type`,`id_statut`,`date_relance`) VALUES ("DEM000350","2017-09-11","2017-09-22","Lorem ipsum dolor...",18,4,3,"2017-09-07"),("DEM000351","2017-09-25","2017-09-28","Lorem ipsum dolor...",18,1,3,"2017-09-20"),("DEM000352","2017-10-03","2017-10-10","Lorem ipsum dolor...",18,1,4,"2017-09-22"),("DEM000353","2017-10-16","2017-10-24","Lorem ipsum dolor...",18,1,2,"2017-10-09"),("DEM000354","2017-10-30","2017-10-30","Lorem ipsum dolor...",18,2,4,"2017-10-24"),("DEM000355","2017-11-01","2017-11-14","Lorem ipsum dolor...",18,1,4,"2017-10-26"),("DEM000356","2017-11-27","2017-11-28","Lorem ipsum dolor...",18,2,4,"2017-11-23"),("DEM000357","2017-12-05","2017-12-13","Lorem ipsum dolor...",18,5,6,"2017-12-01"),("DEM000358","2017-12-19","2017-12-25","Lorem ipsum dolor...",18,1,3,"2017-12-14"),("DEM000359","2018-01-09","2018-01-09","Lorem ipsum dolor...",18,2,5,"2018-01-04");
INSERT INTO `absence` (`num_demande`,`debut`,`fin`,`commentaire`,`id_employe`,`id_type`,`id_statut`,`date_relance`) VALUES ("DEM000360","2018-01-11","2018-01-23","Lorem ipsum dolor...",18,5,4,"2018-01-04"),("DEM000361","2017-06-12","2017-06-19","Lorem ipsum dolor...",19,1,5,"2017-06-02"),("DEM000362","2017-07-04","2017-07-05","Lorem ipsum dolor...",19,1,6,"2017-06-23"),("DEM000363","2017-07-11","2017-07-11","Lorem ipsum dolor...",19,2,4,"2017-07-04"),("DEM000364","2017-07-25","2017-07-26","Lorem ipsum dolor...",19,1,5,"2017-07-21"),("DEM000365","2017-08-07","2017-08-07","Lorem ipsum dolor...",19,2,2,"2017-07-31"),("DEM000366","2017-08-14","2017-08-14","Lorem ipsum dolor...",19,5,6,"2017-08-04"),("DEM000367","2017-08-25","2017-09-05","Lorem ipsum dolor...",19,1,5,"2017-08-17"),("DEM000368","2017-09-15","2017-09-18","Lorem ipsum dolor...",19,2,2,"2017-09-07"),("DEM000369","2017-10-03","2017-10-10","Lorem ipsum dolor...",19,5,6,"2017-10-02");
INSERT INTO `absence` (`num_demande`,`debut`,`fin`,`commentaire`,`id_employe`,`id_type`,`id_statut`,`date_relance`) VALUES ("DEM000370","2017-10-18","2017-10-24","Lorem ipsum dolor...",19,4,3,"2017-10-17"),("DEM000371","2017-11-07","2017-11-09","Lorem ipsum dolor...",19,1,3,"2017-10-26"),("DEM000372","2017-11-10","2017-11-13","Lorem ipsum dolor...",19,1,5,"2017-11-03"),("DEM000373","2017-11-22","2017-11-28","Lorem ipsum dolor...",19,1,4,"2017-11-15"),("DEM000374","2017-12-12","2017-12-12","Lorem ipsum dolor...",19,2,3,"2017-12-06"),("DEM000375","2017-12-18","2017-12-25","Lorem ipsum dolor...",19,1,2,"2017-12-14"),("DEM000376","2018-01-09","2018-01-10","Lorem ipsum dolor...",19,2,5,"2018-01-04"),("DEM000377","2018-01-11","2018-01-15","Lorem ipsum dolor...",19,5,5,"2018-01-03"),("DEM000378","2018-01-22","2018-01-30","Lorem ipsum dolor...",19,1,6,"2018-01-12"),("DEM000379","2018-02-02","2018-02-05","Lorem ipsum dolor...",19,2,4,"2018-01-29");
INSERT INTO `absence` (`num_demande`,`debut`,`fin`,`commentaire`,`id_employe`,`id_type`,`id_statut`,`date_relance`) VALUES ("DEM000380","2018-02-09","2018-02-15","Lorem ipsum dolor...",19,5,4,"2018-02-05"),("DEM000381","2017-06-06","2017-06-19","Lorem ipsum dolor...",20,1,6,"2017-06-02"),("DEM000382","2017-06-27","2017-07-03","Lorem ipsum dolor...",20,1,5,"2017-06-26"),("DEM000383","2017-07-18","2017-07-18","Lorem ipsum dolor...",20,2,3,"2017-07-07"),("DEM000384","2017-07-27","2017-08-03","Lorem ipsum dolor...",20,1,3,"2017-07-25"),("DEM000385","2017-08-14","2017-08-15","Lorem ipsum dolor...",20,2,5,"2017-08-10"),("DEM000386","2017-08-23","2017-08-29","Lorem ipsum dolor...",20,5,2,"2017-08-18"),("DEM000387","2017-09-12","2017-09-18","Lorem ipsum dolor...",20,1,3,"2017-09-01"),("DEM000388","2017-09-26","2017-09-26","Lorem ipsum dolor...",20,2,4,"2017-09-25"),("DEM000389","2017-09-28","2017-10-02","Lorem ipsum dolor...",20,5,4,"2017-09-19");
INSERT INTO `absence` (`num_demande`,`debut`,`fin`,`commentaire`,`id_employe`,`id_type`,`id_statut`,`date_relance`) VALUES ("DEM000390","2017-10-05","2017-10-12","Lorem ipsum dolor...",20,4,5,"2017-09-26"),("DEM000391","2017-10-25","2017-10-30","Lorem ipsum dolor...",20,1,6,"2017-10-16"),("DEM000392","2017-11-09","2017-11-15","Lorem ipsum dolor...",20,1,6,"2017-10-31"),("DEM000393","2017-11-21","2017-12-05","Lorem ipsum dolor...",20,1,5,"2017-11-17"),("DEM000394","2017-12-13","2017-12-14","Lorem ipsum dolor...",20,2,6,"2017-12-06"),("DEM000395","2017-12-15","2017-12-25","Lorem ipsum dolor...",20,1,4,"2017-12-07"),("DEM000396","2018-01-01","2018-01-01","Lorem ipsum dolor...",20,2,5,"2017-12-28"),("DEM000397","2018-01-11","2018-01-22","Lorem ipsum dolor...",20,5,4,"2018-01-10"),("DEM000398","2018-02-05","2018-02-19","Lorem ipsum dolor...",20,1,6,"2018-01-31"),("DEM000399","2018-03-02","2018-03-05","Lorem ipsum dolor...",20,2,6,"2018-02-22");
INSERT INTO `absence` (`num_demande`,`debut`,`fin`,`commentaire`,`id_employe`,`id_type`,`id_statut`,`date_relance`) VALUES ("DEM000400","2018-03-06","2018-03-15","Lorem ipsum dolor...",20,5,6,"2018-02-23"),("","","","","","","",""),("","","","","","","",""),("","","","","","","",""),("","","","","","","",""),("","","","","","","",""),("","","","","","","",""),("","","","","","","",""),("","","","","","","",""),("","","","","","","","");
COMMIT;


-- -----------------------------------------------------
-- Table `GestAbsences`.`employe`
-- -----------------------------------------------------
SET AUTOCOMMIT=0;
INSERT INTO `employe` (`nom`,`prenom`,`matricule`,`nb_ca`,`nb_rtt`,`nb_rc`,`id_equipe`,`id_service_rh`) VALUES ("COURIOL","Fred","PMWH987",20,15,20,1,1),("MARTINEAU","Anais","ERTG415",10,11,27,1,1),("COURIOL","Jean-Marc","ABCD123",20,15,20,1,2),("LEFRANCOIS","Jean","PYLF246",20,15,20,1,2),("LEFRANÇOIS","Jean","AZER123",20,15,20,1,2),("KHIDER","Mokhtar","PJMA532",20,15,20,1,2),("VALLET","Benoit","SAZP438",10,11,18,1,2),("COLLIN","Florence","UFTS651",8,3,29,1,2),("BRUNEAU","Steve","ZJMV259",14,10,18,1,2),("GAUBERT","Logan","YPSR570",3,2,26,1,2);
INSERT INTO `employe` (`nom`,`prenom`,`matricule`,`nb_ca`,`nb_rtt`,`nb_rc`,`id_equipe`,`id_service_rh`) VALUES ("GUILLET","Nathalie","JTSE701",13,11,5,1,2),("BLIN","David","AGXY283",15,11,20,10,2),("CARPENTIER","Aurelie","JHYA379",11,5,25,10,2),("DIALLO","Jonathan","SJRF895",15,6,1,12,2),("CHAMALES","Charlotte","VJPC594",6,12,26,12,2),("LECOMTE","Alexia","LGDY829",5,3,8,2,3),("BERTIN","Alice","PJYG510",6,6,30,2,3),("GIRAUD","Maude","KXRY825",4,14,22,2,3),("BARRE","Maelle","KAVW398",11,7,6,2,3),("MILLET","Nathalie","PNEY231",3,6,16,2,3);
COMMIT;


-- -----------------------------------------------------
-- Table `GestAbsences`.`equipe`
-- -----------------------------------------------------
SET AUTOCOMMIT=0;
INSERT INTO `equipe` (`nom`,`id_responsable`,`id_hierarchie`,`id_backup`) VALUES ("Direction",1,1,2),("RH",3,1,4),("Moyens généraux",4,1,4),("Finance",5,1,5),("Sce technique",6,1,6),("Production",7,1,7),("Commerce",8,1,8),("Communication",9,1,9),("Secrétariat",10,1,10),("Administration",11,1,11);
INSERT INTO `equipe` (`nom`,`id_responsable`,`id_hierarchie`,`id_backup`) VALUES ("Juridique",12,10,12),("Gouvernance",13,10,13),("Qualité",14,12,14),("Stratégie",15,12,15),("Paye",16,2,16),("Congés",17,2,17),("Social",18,2,18),("Gestion du personnel",19,2,19),("Vie au travail",20,2,20),("Assistance sociale",21,17,21);
INSERT INTO `equipe` (`nom`,`id_responsable`,`id_hierarchie`,`id_backup`) VALUES ("Recrutement",22,18,22),("Discipline",23,18,23),("Logistique",24,3,24),("Médecine du travail",25,3,25),("Gestion client",26,3,26),("Courrier",27,3,27),("Restaurant",28,3,28),("Sécurité",29,25,29),("Accueil",30,25,30),("Conciergerie",31,25,31);
INSERT INTO `equipe` (`nom`,`id_responsable`,`id_hierarchie`,`id_backup`) VALUES ("Chauffeur",32,25,32),("Comptabilité",33,4,33),("Achat",34,4,34),("Facturation",35,4,35),("Trésorerie",36,4,36),("Contrôle de gestion",37,32,37),("Synthèse",60,32,60),("Analytique",61,32,62),("Recouvrement",63,34,40),("Maintenance",64,5,65);
INSERT INTO `equipe` (`nom`,`id_responsable`,`id_hierarchie`,`id_backup`) VALUES ("Ingénierie",66,5,67),("SAV",68,40,69),("Téléphonie",70,40,44),("Support informatique",71,40,72),("Innovation",73,41,74),("Produit",75,6,47),("Vente",76,6,77),("Fabrication",78,46,79),("Maquette",80,46,50),("Stock",81,46,82);
INSERT INTO `equipe` (`nom`,`id_responsable`,`id_hierarchie`,`id_backup`) VALUES ("Comptoir",83,47,84),("Expédition",85,47,53),("Conditionnement",86,52,87),("Commercial",88,7,89),("Marketing",90,7,56),("Developpement",91,54,92),("Force de vente",93,54,94),("Portail",95,55,59),("Evenementiel",96,8,97),("Publicité",98,8,99);
INSERT INTO `equipe` (`nom`,`id_responsable`,`id_hierarchie`,`id_backup`) VALUES ("Prospect",100,8,396);
COMMIT;


-- -----------------------------------------------------
-- Table `GestAbsences`.`num_demande`
-- -----------------------------------------------------
SET AUTOCOMMIT=0;
INSERT INTO `num_demande` (`numero`) VALUES ("DEM000400");
COMMIT;


-- -----------------------------------------------------
-- Table `GestAbsences`.`role`
-- -----------------------------------------------------
SET AUTOCOMMIT=0;
INSERT INTO `role` (`valeur`) VALUES (0),(1),(2),(3),(4),(5),(6),(7),(8),(9);
INSERT INTO `role` (`valeur`) VALUES (10),(11),(12),(13),(14);
COMMIT;


-- -----------------------------------------------------
-- Table `GestAbsences`.`service_rh`
-- -----------------------------------------------------
SET AUTOCOMMIT=0;
INSERT INTO `service_rh` (`email`,`nom`) VALUES ("alice.bertin@entreprise.com","BERTIN"),("malik.thomason@entreprise.com","THOMASON"),("elio.guerin@entreprise.com","GUERIN"),("mia.regnier@entreprise.com","REGNIER");
COMMIT;


-- -----------------------------------------------------
-- Table `GestAbsences`.`statut`
-- -----------------------------------------------------
SET AUTOCOMMIT=0;
INSERT INTO `statut` (`nom`,`code`) VALUES ("Nouvelle demande",0),("En attente de validation du Responsable",1),("En attente de décision RH",2),("Validé",3),("Refusé par le Responsable",4),("Refusé par le RH",5);
COMMIT;


-- -----------------------------------------------------
-- Table `GestAbsences`.`type`
-- -----------------------------------------------------
SET AUTOCOMMIT=0;
INSERT INTO `type` (`nom`) VALUES ("Congé payé"),("RTT"),("Repos compensateur"),("Congé maladie"),("Absence irrégulière"),("Autres absences"),("Accident de travail");
COMMIT;


-- -----------------------------------------------------
-- Table `GestAbsences`.`user`
-- -----------------------------------------------------
SET AUTOCOMMIT=0;
INSERT INTO `user` (`email`,`password`,`id_employe`,`id_role`) VALUES ("fred.couriol@laposte.fr","ABCD1234",1,2),("anais.martineau@entreprise.com","BMU59RWQ",2,1),("le19111967@gmail.com","ABCD1234",3,2),("jeanlefrancois.simplon@gmail.com","ABCD1234",4,2),("jean.lefrancois@laposte.net","ABCD1234",5,2),("mokhtar.khider@gmail.com","ABCD1234",6,2),("benoit.vallet@entreprise.com","FNE61GVH",7,2),("florence.collin@entreprise.com","CHG67VBE",8,2),("steve.bruneau@entreprise.com","JHX18FKB",9,2),("logan.gaubert@entreprise.com","HGD51CWY",10,2);
INSERT INTO `user` (`email`,`password`,`id_employe`,`id_role`) VALUES ("nathalie.guillet@entreprise.com","XVN50SJE",11,2),("david.blin@entreprise.com","HDP38NFJ",12,2),("aurelie.carpentier@entreprise.com","PGK79DRJ",13,2),("jonathan.diallo@entreprise.com","VAL85PES",14,2),("charlotte.chamales@entreprise.com","GDE36SLX",15,2),("alexia.lecomte@entreprise.com","FYA10EPU",16,2),("alice.bertin@entreprise.com","BEY51GKP",17,4),("maude.giraud@entreprise.com","VKT27MGJ",18,2),("maelle.barre@entreprise.com","HNJ39EAL",19,6),("nathalie.millet@entreprise.com","SEJ86ZBT",20,2);
COMMIT;

