-- MySQL Script generated by MySQL Workbench
-- Thu May 11 10:51:47 2017
-- Model: New Model    Version: 1.0
-- MySQL Workbench Forward Engineering

SET @OLD_UNIQUE_CHECKS=@@UNIQUE_CHECKS, UNIQUE_CHECKS=0;
SET @OLD_FOREIGN_KEY_CHECKS=@@FOREIGN_KEY_CHECKS, FOREIGN_KEY_CHECKS=0;
SET @OLD_SQL_MODE=@@SQL_MODE, SQL_MODE='TRADITIONAL,ALLOW_INVALID_DATES';

-- -----------------------------------------------------
-- Schema GestAbsences
-- -----------------------------------------------------
DROP SCHEMA IF EXISTS `GestAbsences` ;

-- -----------------------------------------------------
-- Schema GestAbsences
-- -----------------------------------------------------
CREATE SCHEMA IF NOT EXISTS `GestAbsences` DEFAULT CHARACTER SET utf8 ;
USE `GestAbsences` ;

-- -----------------------------------------------------
-- Table `GestAbsences`.`equipe`
-- -----------------------------------------------------
DROP TABLE IF EXISTS `GestAbsences`.`equipe` ;

CREATE TABLE IF NOT EXISTS `GestAbsences`.`equipe` (
  `id` INT NOT NULL AUTO_INCREMENT,
  `nom` VARCHAR(100) NULL,
  `id_responsable` INT NULL,
  `id_hierarchie` INT NULL,
  PRIMARY KEY (`id`),
  INDEX `fk_equipes_equipe_idx` (`id_hierarchie` ASC),
  INDEX `fk_equipes_employe_idx` (`id_responsable` ASC))
ENGINE = InnoDB;


-- -----------------------------------------------------
-- Table `GestAbsences`.`service_rh`
-- -----------------------------------------------------
DROP TABLE IF EXISTS `GestAbsences`.`service_rh` ;

CREATE TABLE IF NOT EXISTS `GestAbsences`.`service_rh` (
  `id` INT NOT NULL AUTO_INCREMENT,
  `email` VARCHAR(255) NULL,
  `nom` VARCHAR(45) NULL,
  PRIMARY KEY (`id`))
ENGINE = InnoDB;


-- -----------------------------------------------------
-- Table `GestAbsences`.`employe`
-- -----------------------------------------------------
DROP TABLE IF EXISTS `GestAbsences`.`employe` ;

CREATE TABLE IF NOT EXISTS `GestAbsences`.`employe` (
  `id` INT NOT NULL AUTO_INCREMENT,
  `nom` VARCHAR(100) NULL,
  `prenom` VARCHAR(100) NULL,
  `matricule` VARCHAR(45) NULL,
  `nb_cp` INT NULL,
  `nb_rtt` INT NULL,
  `nb_rc` INT NULL,
  `reliquat_ca` INT NULL,
  `reliquat_rtt` INT NULL,
  `id_equipe` INT NULL,
  `id_service_rh` INT NULL,
  PRIMARY KEY (`id`),
  INDEX `fk_employes_equipe_idx` (`id_equipe` ASC),
  INDEX `fk_employes_service_rh_idx` (`id_service_rh` ASC))
ENGINE = InnoDB;


-- -----------------------------------------------------
-- Table `GestAbsences`.`type`
-- -----------------------------------------------------
DROP TABLE IF EXISTS `GestAbsences`.`type` ;

CREATE TABLE IF NOT EXISTS `GestAbsences`.`type` (
  `id` INT NOT NULL AUTO_INCREMENT,
  `nom` VARCHAR(45) NULL,
  PRIMARY KEY (`id`))
ENGINE = InnoDB;


-- -----------------------------------------------------
-- Table `GestAbsences`.`statut`
-- -----------------------------------------------------
DROP TABLE IF EXISTS `GestAbsences`.`statut` ;

CREATE TABLE IF NOT EXISTS `GestAbsences`.`statut` (
  `id` INT NOT NULL AUTO_INCREMENT,
  `nom` VARCHAR(100) NULL,
  `code` INT NULL,
  PRIMARY KEY (`id`))
ENGINE = InnoDB;


-- -----------------------------------------------------
-- Table `GestAbsences`.`absence`
-- -----------------------------------------------------
DROP TABLE IF EXISTS `GestAbsences`.`absence` ;

CREATE TABLE IF NOT EXISTS `GestAbsences`.`absence` (
  `id` INT NOT NULL AUTO_INCREMENT,
  `debut` DATE NULL,
  `fin` DATE NULL,
  `id_employe` INT NULL,
  `id_type` INT NULL,
  `id_statut` INT NULL,
  `id_service_rh` INT NULL,
  PRIMARY KEY (`id`),
  INDEX `fk_absences_employe_idx` (`id_employe` ASC),
  INDEX `fk_absences_type_idx` (`id_type` ASC),
  INDEX `fk_absences_statut_idx` (`id_statut` ASC),
  INDEX `fk_absences_service_rh_idx` (`id_service_rh` ASC))
ENGINE = InnoDB;


-- -----------------------------------------------------
-- Table `GestAbsences`.`role`
-- -----------------------------------------------------
DROP TABLE IF EXISTS `GestAbsences`.`role` ;

CREATE TABLE IF NOT EXISTS `GestAbsences`.`role` (
  `id` INT NOT NULL AUTO_INCREMENT,
  `valeur` INT NULL,
  PRIMARY KEY (`id`))
ENGINE = InnoDB;


-- -----------------------------------------------------
-- Table `GestAbsences`.`user`
-- -----------------------------------------------------
DROP TABLE IF EXISTS `GestAbsences`.`user` ;

CREATE TABLE IF NOT EXISTS `GestAbsences`.`user` (
  `id` INT NOT NULL AUTO_INCREMENT,
  `email` VARCHAR(255) NULL,
  `password` VARCHAR(100) NULL,
  `id_employe` INT NULL,
  `id_role` INT NULL,
  PRIMARY KEY (`id`),
  INDEX `fk_user_employe_idx` (`id_employe` ASC),
  INDEX `fk_users_role_idx` (`id_role` ASC))
ENGINE = InnoDB;


SET SQL_MODE=@OLD_SQL_MODE;
SET FOREIGN_KEY_CHECKS=@OLD_FOREIGN_KEY_CHECKS;
SET UNIQUE_CHECKS=@OLD_UNIQUE_CHECKS;


USE GestAbsences;

SET AUTOCOMMIT=0;
INSERT INTO equipe VALUES (1,'Direction',1,1),(2,'RH',2,2),(3,'Moyens généraux',3,3),(4,'Finance',4,4),(5,'Sce technique',5,5),(6,'Production',6,6),(7,'Commerce',7,7),(8,'Communication',8,8),(9,'Secrétariat',9,1),(10,'Administration',10,1),(11,'Juridique',11,10),(12,'Gouvernance',12,10),(13,'Qualité',13,12),(14,'Stratégie',14,12),(15,'Paye',15,2),(16,'Congés',16,2),(17,'Social',17,2),(18,'Gestion du personnel',18,2),(19,'Vie au travail',19,2),(20,'Assistance sociale',20,17),(21,'Recrutement',21,18),(22,'Discipline',22,18),(23,'Logistique',23,3),(24,'Médecine du travail',24,3),(25,'Gestion client',25,3),(26,'Courrier',26,3),(27,'Restaurant',27,3),(28,'Sécurité',28,25),(29,'Accueil',29,25),(30,'Conciergerie',30,25),(31,'Chauffeur',31,25),(32,'Comptabilité',32,4),(33,'Achat',33,4),(34,'Facturation',34,4),(35,'Trésorerie',35,4),(36,'Contrôle de gestion',36,32),(37,'Synthèse',37,32),(38,'Analytique',38,32),(39,'Recouvrement',39,34),(40,'Maintenance',40,5),(41,'Ingénierie',41,5),(42,'SAV',42,40),(43,'Téléphonie',43,40),(44,'Support informatique',44,40),(45,'Innovation',45,41),(46,'Produit',46,6),(47,'Vente',47,6),(48,'Fabrication',48,46),(49,'Maquette',49,46),(50,'Stock',50,46),(51,'Comptoir',51,47),(52,'Expédition',52,47),(53,'Conditionnement',53,52),(54,'Commercial',54,7),(55,'Marketing',55,7),(56,'Developpement',56,54),(57,'Force de vente',57,54),(58,'Portail',58,55),(59,'Evenementiel',59,8),(60,'Publicité',60,8),(61,'Prospect',61,8);
COMMIT;


SET AUTOCOMMIT=0;
INSERT INTO role VALUES (1,0),(2,1),(3,2),(4,4),(5,8);
COMMIT;


SET AUTOCOMMIT=0;
INSERT INTO service_rh VALUES (1,'sonia.granger@gmail.com','GRANGER'),(2,'tania.suchet@gmail.com','SUCHET'),(3,'yann.lanvin@gmail.com','LANVIN'),(4,'alex.fiston@gmail.com','FISTON');
COMMIT;


SET AUTOCOMMIT=0;
INSERT INTO statut VALUES (1,'Nouvelle demande', 0),(2,'En attente de validation du Responsable', 1),(3,'En attente de décision RH', 2),(4,'Validé', 3),(5,'Refusé par le Responsable', 4),(6,'Refusé par le RH', 5);
COMMIT;


SET AUTOCOMMIT=0;
INSERT INTO type VALUES (1,'Congé payé'),(2,'RTT'),(3,'Repos compensateur'),(4,'Congé maladie'),(5,'Absence irrégulière'),(6,'Autres absences');
COMMIT;

SET AUTOCOMMIT=0;
INSERT INTO `employe` (`nom`,`prenom`,`matricule`,`nb_cp`,`nb_rtt`,`nb_rc`,`reliquat_ca`,`reliquat_rtt`,`id_equipe`,`id_service_rh`) VALUES ("Humphrey","Damian","NBZB03",4,12,1,4,1,41,4),("Nichols","Keely","SOCN06",9,10,7,4,4,11,1),("Stevens","Jacob","EEKA31",20,3,2,5,5,52,1),("Potts","Mikayla","RCKZ40",7,3,19,2,2,40,3),("Mcintosh","Chantale","ZALJ46",15,3,21,4,2,17,3),("Melendez","Virginia","RARN26",5,15,19,1,5,13,3),("Weaver","Ivan","GKWE50",15,11,18,5,5,39,3),("Velazquez","Paloma","XMNN68",19,7,10,3,5,42,2),("Fields","MacKensie","LVPU69",19,14,3,1,1,59,2),("Flores","Katelyn","KYET11",17,7,24,3,5,52,2);
INSERT INTO `employe` (`nom`,`prenom`,`matricule`,`nb_cp`,`nb_rtt`,`nb_rc`,`reliquat_ca`,`reliquat_rtt`,`id_equipe`,`id_service_rh`) VALUES ("Berry","Lee","DKVO24",2,8,2,4,2,28,3),("Walls","Ishmael","COSA47",18,7,26,5,3,22,4),("Blevins","Irene","HRUB67",13,15,18,5,4,57,4),("Walter","Lisandra","GDUW23",5,11,23,3,4,28,1),("Schwartz","Rae","PQPW16",4,5,1,5,4,60,3),("Perez","Ferdinand","CZNZ49",11,15,28,1,5,14,4),("Owens","Jessamine","MZWH88",1,11,4,4,3,46,2),("Keith","Riley","NBUX19",16,8,21,2,5,28,4),("Wooten","Marvin","RKFO98",9,4,25,5,1,21,3),("Glenn","Ocean","LXMN76",13,15,28,1,2,55,2);
INSERT INTO `employe` (`nom`,`prenom`,`matricule`,`nb_cp`,`nb_rtt`,`nb_rc`,`reliquat_ca`,`reliquat_rtt`,`id_equipe`,`id_service_rh`) VALUES ("Wallace","Anika","WCNR73",13,14,19,4,3,34,3),("Ortiz","Hope","DFYF49",5,14,27,4,2,51,3),("Dickson","Jacob","LBYW53",12,11,15,5,4,59,1),("York","Alyssa","PIBI11",5,10,2,5,1,35,4),("Leblanc","Brooke","CSAP72",19,8,7,4,4,18,4),("Aguirre","Veronica","QQKF97",13,13,2,2,4,61,1),("Rivas","Madison","MPXA81",12,6,12,1,4,25,2),("Dickerson","Henry","QABC40",10,1,13,1,3,13,1),("Petersen","Doris","JLGV98",11,9,23,3,2,9,1),("Burch","Hadassah","HUJQ49",10,6,1,4,1,47,4);
INSERT INTO `employe` (`nom`,`prenom`,`matricule`,`nb_cp`,`nb_rtt`,`nb_rc`,`reliquat_ca`,`reliquat_rtt`,`id_equipe`,`id_service_rh`) VALUES ("Bray","Montana","RWOI23",19,14,4,1,3,57,3),("Frederick","Julie","AKTW13",15,8,22,1,5,54,3),("Copeland","Sydnee","QCRZ33",19,12,28,5,3,30,4),("Vang","Christian","ZWHR48",16,6,28,5,5,27,3),("Prince","Sonia","MFLT74",15,4,20,1,1,42,2),("Trujillo","Adele","MAFB70",10,6,7,1,3,38,2),("Weeks","Cody","RQCX79",10,13,17,1,1,36,2),("Trujillo","Joan","PXDZ64",17,2,24,4,2,34,4),("Beard","Regina","NFIS93",5,8,25,2,5,39,3),("Estes","Rashad","TVFQ93",11,6,5,2,2,9,4);
INSERT INTO `employe` (`nom`,`prenom`,`matricule`,`nb_cp`,`nb_rtt`,`nb_rc`,`reliquat_ca`,`reliquat_rtt`,`id_equipe`,`id_service_rh`) VALUES ("Hurley","Lacy","UKLV53",8,5,14,5,3,22,3),("Waller","Sacha","KRSD37",14,4,20,4,5,46,2),("Warner","Kareem","MODN50",8,9,18,2,1,13,1),("Stewart","Brynn","HPIT75",2,6,27,4,4,31,3),("Bentley","Keely","KCRA01",11,3,13,4,3,10,4),("Frederick","Autumn","YCNZ20",15,2,7,3,3,47,1),("Norman","Howard","VHNL11",1,15,5,4,2,32,2),("Bryan","Wynter","TBJP83",3,6,1,4,1,17,3),("Merrill","Macon","ASNL92",17,6,22,4,3,16,1),("Nguyen","Ulysses","JFFE27",17,9,25,2,4,50,3);
INSERT INTO `employe` (`nom`,`prenom`,`matricule`,`nb_cp`,`nb_rtt`,`nb_rc`,`reliquat_ca`,`reliquat_rtt`,`id_equipe`,`id_service_rh`) VALUES ("Conway","Shoshana","WYBJ68",6,4,5,5,5,43,4),("Carver","Kasimir","KDIL53",20,11,22,1,5,46,3),("Diaz","Fulton","EODK54",1,15,27,1,5,44,4),("Haley","Quyn","NVTL28",16,14,24,1,3,31,4),("Weiss","Meghan","NWHM16",13,2,25,5,1,37,1),("Williamson","Anjolie","TUWJ29",3,2,20,3,3,24,4),("Winters","Stacey","SAPG91",19,9,26,2,1,9,2),("Ayers","Lars","GNLT18",15,5,24,2,3,31,2),("Marquez","Skyler","JQAV68",7,6,26,4,1,16,2),("Oneal","Carissa","XSIK76",1,8,26,4,2,49,2);
INSERT INTO `employe` (`nom`,`prenom`,`matricule`,`nb_cp`,`nb_rtt`,`nb_rc`,`reliquat_ca`,`reliquat_rtt`,`id_equipe`,`id_service_rh`) VALUES ("Frost","Nigel","XXZB00",15,11,12,1,2,24,4),("Rosales","Holmes","KSHX45",3,10,9,5,3,13,4),("House","Ivana","QOGZ94",2,8,20,2,2,13,3),("Scott","Ira","QDSM60",10,6,7,1,3,59,3),("Case","Ian","SFLM20",16,3,1,4,3,50,4),("Robbins","Peter","JITP06",3,10,22,1,4,58,2),("Franco","Harriet","XCJU76",1,14,20,1,1,27,3),("Moon","Sharon","OZGI41",1,2,1,2,5,42,2),("Elliott","Virginia","DYNU09",7,6,21,2,2,49,3),("Whitney","Simone","LIFM84",5,3,8,5,1,34,3);
INSERT INTO `employe` (`nom`,`prenom`,`matricule`,`nb_cp`,`nb_rtt`,`nb_rc`,`reliquat_ca`,`reliquat_rtt`,`id_equipe`,`id_service_rh`) VALUES ("Aguirre","Alexander","KXNJ96",9,14,27,3,1,41,3),("Peterson","Paula","BMOW51",9,4,3,2,2,41,4),("Crane","Guinevere","ZSAQ46",9,12,5,1,4,32,3),("Clayton","Boris","YJFJ89",6,13,6,5,2,12,3),("Shepard","Thor","UDXP08",6,6,2,1,5,55,1),("Burt","Eagan","LIMF96",16,7,9,4,3,14,4),("Conner","Dillon","OWOE35",19,15,15,5,1,17,3),("Luna","Jaden","SEKM46",2,12,20,3,1,44,4),("Mcmillan","Nathan","AAKB39",17,15,9,5,2,42,1),("Beck","Colleen","EQAH43",2,5,22,3,1,24,1);
INSERT INTO `employe` (`nom`,`prenom`,`matricule`,`nb_cp`,`nb_rtt`,`nb_rc`,`reliquat_ca`,`reliquat_rtt`,`id_equipe`,`id_service_rh`) VALUES ("Caldwell","Harriet","GBEE49",14,1,18,1,1,17,4),("Romero","Fulton","EUSD00",8,12,16,4,1,50,4),("Kirkland","Imelda","ANHI73",15,2,19,1,5,31,4),("Mcmahon","Rudyard","ULJK02",11,9,21,3,4,35,3),("Weber","Bert","QIGS14",9,7,12,2,3,39,3),("Hardy","Nomlanga","WNZY15",12,12,18,4,5,58,1),("Torres","Kaden","DJBO25",2,15,5,2,4,37,2),("Patterson","Giacomo","NTDN15",4,5,1,4,5,22,3),("Erickson","Tanner","GYNY31",7,6,18,5,1,36,1),("Poole","Kim","PAIQ99",2,13,11,4,1,45,3);
INSERT INTO `employe` (`nom`,`prenom`,`matricule`,`nb_cp`,`nb_rtt`,`nb_rc`,`reliquat_ca`,`reliquat_rtt`,`id_equipe`,`id_service_rh`) VALUES ("Harrison","Zorita","IWQU67",11,9,2,5,3,11,1),("Estes","Maisie","KQWX04",14,8,18,1,3,9,2),("Fernandez","Wyatt","OSPI69",12,6,29,1,2,10,2),("Black","Rose","JMCE24",18,9,9,2,2,59,1),("Kelley","Kuame","KDTZ17",7,14,20,5,5,11,1),("Goodman","Howard","TCHH47",19,1,11,5,2,60,2),("Carter","Ruth","UVOA71",10,12,13,5,4,60,1),("Whitley","Ann","CADP66",11,6,2,4,4,33,1),("Miles","Colleen","EPRI61",4,2,14,1,5,52,3),("Barnett","Demetria","AKLK64",4,11,12,1,4,59,4);
INSERT INTO `employe` (`nom`,`prenom`,`matricule`,`nb_cp`,`nb_rtt`,`nb_rc`,`reliquat_ca`,`reliquat_rtt`,`id_equipe`,`id_service_rh`) VALUES ("Luna","Irene","CUHU68",10,4,19,3,2,20,2),("Walker","Jonas","NZGM12",1,14,12,3,5,55,1),("Anderson","Russell","MWPJ55",10,14,11,2,2,28,4),("Emerson","Wesley","ZRYH91",14,9,12,2,1,41,4),("Foley","Dane","RTKQ36",16,8,17,3,5,46,1),("Mclean","Joshua","QDEK33",13,2,10,1,3,25,4),("Golden","Kasper","IRHE23",19,12,17,2,1,58,3),("Mckinney","Kyle","RGUR16",15,14,17,5,1,19,2),("Burt","Paki","HRDC33",3,9,22,1,1,14,4),("Tyson","Kelly","ITJT92",19,5,16,2,5,35,2);
INSERT INTO `employe` (`nom`,`prenom`,`matricule`,`nb_cp`,`nb_rtt`,`nb_rc`,`reliquat_ca`,`reliquat_rtt`,`id_equipe`,`id_service_rh`) VALUES ("Becker","Lee","WPIY08",17,7,22,3,5,61,2),("Klein","Angela","LRPH61",8,2,2,2,2,51,1),("Booker","Beau","ADQJ25",4,8,24,4,1,59,1),("Chase","Rooney","ILNB96",6,12,10,3,3,43,4),("Henderson","Dylan","WZPC21",4,1,4,3,1,46,2),("Castro","Quinn","XPQB89",13,5,4,3,1,39,3),("Chaney","Peter","DGHR98",7,2,13,3,5,57,1),("Bean","Nicholas","TIDW15",15,8,29,1,1,32,4),("Hardin","Mariko","KXFY80",12,13,1,1,3,60,4),("Downs","Ferris","GIWH12",2,7,7,2,2,15,3);
INSERT INTO `employe` (`nom`,`prenom`,`matricule`,`nb_cp`,`nb_rtt`,`nb_rc`,`reliquat_ca`,`reliquat_rtt`,`id_equipe`,`id_service_rh`) VALUES ("Morris","Orlando","LZXA52",2,1,4,4,2,14,4),("Velazquez","Harper","QBKT70",13,7,26,4,2,28,1),("Chang","Joelle","ZYLW73",13,7,14,5,4,45,3),("Hansen","Nola","JCTE18",11,14,2,4,2,50,1),("Daugherty","Callum","OEUE90",9,5,6,1,3,53,3),("Lancaster","Aphrodite","EXBK93",1,15,30,2,2,38,1),("Schroeder","Jarrod","ZKYB88",13,6,22,5,1,14,2),("Armstrong","Hiram","PRGU80",18,10,21,3,1,57,4),("Lambert","Kirsten","XSPS35",14,3,8,4,5,49,2),("Talley","Buckminster","VHOC51",11,2,6,4,4,33,4);
INSERT INTO `employe` (`nom`,`prenom`,`matricule`,`nb_cp`,`nb_rtt`,`nb_rc`,`reliquat_ca`,`reliquat_rtt`,`id_equipe`,`id_service_rh`) VALUES ("Norton","Gail","UNKA95",4,9,25,2,2,24,4),("Spence","Uta","BUXK21",20,9,25,1,5,52,1),("Grant","Judah","LPGX61",16,6,22,4,1,14,4),("Snider","Merrill","WJOB66",17,13,27,4,2,36,1),("Price","Ignacia","IQIF18",19,11,16,4,3,52,3),("Ellis","Candace","OXAT90",3,6,17,4,5,36,1),("Mooney","Wilma","VXIP12",15,3,14,4,1,20,2),("Cleveland","Xena","AEWW39",15,15,6,2,4,23,3),("Guthrie","Sacha","CEYQ90",9,4,4,5,2,43,4),("Wade","Joshua","GXXC15",8,13,15,5,3,36,4);
INSERT INTO `employe` (`nom`,`prenom`,`matricule`,`nb_cp`,`nb_rtt`,`nb_rc`,`reliquat_ca`,`reliquat_rtt`,`id_equipe`,`id_service_rh`) VALUES ("Ramirez","Martin","XEOR78",7,9,3,2,4,31,1),("Cummings","Kendall","IRSL81",13,9,28,4,4,52,4),("Durham","Jackson","MTLN79",14,2,26,2,4,39,2),("Petersen","Lyle","VYOZ06",20,15,5,3,1,57,3),("Sparks","Adrienne","JXFE45",5,9,17,5,2,20,1),("Beasley","Jaden","EFSE28",7,8,4,2,5,15,3),("Shepard","Idona","CCJI24",1,11,18,3,2,56,4),("Baldwin","Elizabeth","XNNY37",6,13,11,3,3,35,1),("Hernandez","Ciara","DSTJ22",17,8,12,3,1,18,3),("Stuart","Judah","GWNY51",19,6,18,4,2,57,3);
INSERT INTO `employe` (`nom`,`prenom`,`matricule`,`nb_cp`,`nb_rtt`,`nb_rc`,`reliquat_ca`,`reliquat_rtt`,`id_equipe`,`id_service_rh`) VALUES ("Fisher","Nora","TMFB44",15,2,4,3,4,17,3),("Acevedo","Dawn","JZSA03",15,1,26,4,3,47,1),("Ford","Adrian","RZJA18",7,2,3,2,1,14,2),("Sexton","Dominique","XTDA88",1,1,25,1,2,53,4),("Watson","Farrah","OWBT86",13,11,24,1,3,59,3),("Figueroa","Shelby","YAAR59",2,6,7,5,4,9,2),("Valencia","Casey","ZZVA39",19,10,12,2,2,57,2),("Freeman","Hilary","TANY82",3,14,29,2,2,14,4),("Simon","Mary","DNVM72",19,2,17,3,1,32,4),("Hull","Geoffrey","YFWO15",9,6,20,4,2,24,2);
INSERT INTO `employe` (`nom`,`prenom`,`matricule`,`nb_cp`,`nb_rtt`,`nb_rc`,`reliquat_ca`,`reliquat_rtt`,`id_equipe`,`id_service_rh`) VALUES ("Bennett","Eliana","XAYU59",18,10,20,3,5,13,1),("Clay","Nadine","NCUT27",18,13,4,4,4,53,4),("Mcfadden","Yeo","IIQK32",18,6,15,3,2,55,3),("Hewitt","Daquan","HWOM27",13,4,29,5,1,17,3),("Mckenzie","Mohammad","NXDZ55",2,2,8,1,1,45,4),("Payne","Vaughan","QGNQ59",10,7,3,2,4,48,3),("Garner","Ronan","RDQN20",5,4,16,5,1,25,3),("Stanton","Dale","HWUR61",19,1,4,2,3,54,1),("Bruce","Rashad","UKVQ51",10,1,10,4,2,45,1),("Battle","Quin","EKAJ42",4,8,12,4,2,54,3);
INSERT INTO `employe` (`nom`,`prenom`,`matricule`,`nb_cp`,`nb_rtt`,`nb_rc`,`reliquat_ca`,`reliquat_rtt`,`id_equipe`,`id_service_rh`) VALUES ("Maynard","Lael","RSVN79",12,14,21,1,4,59,4),("Baker","Tobias","UAFR32",4,5,7,1,5,31,2),("Melton","Baxter","ETQH62",8,5,23,3,5,14,1),("Holmes","Jenna","YJDY97",6,8,21,3,3,12,2),("Walton","Guinevere","VCJG44",8,2,16,1,2,27,2),("Justice","Michael","PRTR26",4,8,12,4,4,39,2),("Hunter","Owen","ITXD44",4,12,3,2,4,33,2),("Leonard","Bree","QNWK14",7,2,8,4,5,50,3),("Lowery","Madeline","JJFN48",17,10,9,3,4,47,2),("Hall","Mariam","JSAQ61",11,15,30,1,3,25,2);
INSERT INTO `employe` (`nom`,`prenom`,`matricule`,`nb_cp`,`nb_rtt`,`nb_rc`,`reliquat_ca`,`reliquat_rtt`,`id_equipe`,`id_service_rh`) VALUES ("Cain","Carissa","IORG58",10,7,17,3,4,15,1),("Hart","Ginger","CKOJ77",18,3,10,5,2,56,1),("Jefferson","Hall","JMRO24",7,3,19,3,2,9,4),("Fischer","Mallory","WJTX70",16,2,22,1,1,18,1),("Shaffer","Matthew","ASWR95",13,11,2,1,2,55,1),("Singleton","Kieran","ZZFJ75",5,3,8,2,5,53,2),("Travis","Brett","RWIN05",2,1,18,2,5,20,1),("Thomas","Kyle","MXFU40",7,14,7,1,5,18,2),("Sharpe","Adara","AGFB76",6,11,9,5,1,11,4),("Cleveland","Cullen","IALG63",11,9,5,5,1,32,1);
INSERT INTO `employe` (`nom`,`prenom`,`matricule`,`nb_cp`,`nb_rtt`,`nb_rc`,`reliquat_ca`,`reliquat_rtt`,`id_equipe`,`id_service_rh`) VALUES ("Ramsey","Lunea","PYNY56",15,15,3,5,2,46,4),("Doyle","Solomon","MPIT65",7,9,23,1,1,38,3),("Ryan","Ella","GHQT86",14,10,23,1,1,56,4),("Warner","Lacota","DBYG70",15,6,5,4,4,35,2),("Chapman","Maxine","MPYQ92",11,3,19,5,4,28,2),("Barron","Hyacinth","ETRC07",17,1,24,5,2,48,4),("Petty","Yetta","PMGO90",14,12,25,3,4,32,4),("Fox","Cade","LVTY34",12,14,11,1,5,42,3),("Wolfe","Julian","IMQF84",18,4,24,3,5,59,2),("Vega","Anastasia","EPXB07",15,13,27,3,4,9,4);
INSERT INTO `employe` (`nom`,`prenom`,`matricule`,`nb_cp`,`nb_rtt`,`nb_rc`,`reliquat_ca`,`reliquat_rtt`,`id_equipe`,`id_service_rh`) VALUES ("Webb","Kylee","JBTC08",13,1,1,4,1,20,3),("Justice","Fallon","ABUK16",8,1,29,5,5,33,2),("Wood","Bernard","RFPP58",14,8,16,3,2,14,1),("Medina","Patrick","PWPR36",6,8,30,1,5,40,3),("Harrington","Tyrone","NNVT56",10,10,8,3,3,43,1),("Wheeler","Alden","BPIK03",20,6,12,5,5,29,2),("Reynolds","Hakeem","ZFIN31",3,6,7,2,2,36,3),("Sargent","Ignacia","TNEN99",15,13,13,1,4,43,4),("Gibbs","Howard","TCIR52",20,5,4,4,5,32,4),("Keller","Ciaran","KTDW91",17,6,10,2,4,50,3);
INSERT INTO `employe` (`nom`,`prenom`,`matricule`,`nb_cp`,`nb_rtt`,`nb_rc`,`reliquat_ca`,`reliquat_rtt`,`id_equipe`,`id_service_rh`) VALUES ("Berger","Brock","BJDO24",3,11,11,2,4,40,2),("Wallace","Maia","WADG27",12,6,21,4,4,12,4),("Gomez","Larissa","VDGB17",10,14,20,4,3,46,2),("Crane","Madonna","QYYO56",7,10,9,5,4,56,2),("Vinson","Rajah","BKKZ54",13,15,8,4,1,54,3),("Shannon","Sharon","CXNA39",3,4,19,2,5,61,3),("Farmer","Lucy","SGLU30",9,1,30,5,2,47,2),("Kim","Fitzgerald","UMSA19",8,11,27,3,1,13,3),("Townsend","Fleur","FXRP55",4,4,6,5,5,50,2),("Beasley","Shea","BLPL46",19,12,21,5,3,12,1);
INSERT INTO `employe` (`nom`,`prenom`,`matricule`,`nb_cp`,`nb_rtt`,`nb_rc`,`reliquat_ca`,`reliquat_rtt`,`id_equipe`,`id_service_rh`) VALUES ("Cantrell","Marshall","MSDI91",2,8,29,4,3,43,3),("Willis","Noelani","NJSO78",9,10,10,1,2,22,2),("Mcgowan","Gray","HXQH38",15,9,14,3,3,21,3),("Blanchard","Ezekiel","MQLQ30",16,13,2,2,3,57,1),("Christensen","Genevieve","FTZV70",3,11,24,1,1,29,2),("Pittman","Kasimir","RYUK56",3,9,13,3,5,60,3),("Larsen","Sydney","QYXV07",6,1,24,5,3,27,3),("Carroll","Maisie","QZNJ72",20,8,14,2,5,44,2),("Roach","Oren","TYRL14",2,11,6,2,5,14,3),("Murphy","Isaac","TYON42",12,10,9,2,1,44,4);
INSERT INTO `employe` (`nom`,`prenom`,`matricule`,`nb_cp`,`nb_rtt`,`nb_rc`,`reliquat_ca`,`reliquat_rtt`,`id_equipe`,`id_service_rh`) VALUES ("Hardy","Chanda","QXTL54",13,15,5,5,4,29,4),("Morrow","Oscar","BOEF21",8,3,27,5,3,28,3),("Heath","Sade","UEKA14",12,5,7,1,4,12,2),("Sanford","Wynne","LUJK27",8,5,22,2,4,59,3),("Bartlett","Nayda","PEAV94",17,6,26,3,1,60,1),("Cote","Hasad","AKZL30",14,15,19,5,1,33,2),("Hopkins","Ulric","OMGU17",19,1,8,1,3,20,1),("Duncan","David","AQEK70",15,3,22,5,2,20,4),("Oneil","Quinlan","FKFS52",5,2,12,4,3,54,3),("Kennedy","Vladimir","JFZG01",14,11,10,5,4,14,1);
INSERT INTO `employe` (`nom`,`prenom`,`matricule`,`nb_cp`,`nb_rtt`,`nb_rc`,`reliquat_ca`,`reliquat_rtt`,`id_equipe`,`id_service_rh`) VALUES ("Calhoun","Tallulah","UWAX58",11,11,21,1,1,32,3),("Combs","Mechelle","UYQZ33",9,6,24,5,4,29,2),("Romero","Rooney","ZMBN70",14,7,10,2,3,61,4),("Blair","Nash","QJRY50",16,13,23,2,5,29,3),("Craft","Hilary","RKAD28",8,8,7,3,3,11,3),("Molina","Micah","TRUR81",3,2,27,2,5,38,3),("Willis","Elaine","TVQG30",7,4,5,3,5,15,4),("Mccarthy","Price","WEJU08",18,2,14,1,5,57,1),("Bradford","Yeo","MMRY02",7,6,29,4,2,40,2),("Harris","Hope","KRDF63",12,13,20,2,1,41,4);
INSERT INTO `employe` (`nom`,`prenom`,`matricule`,`nb_cp`,`nb_rtt`,`nb_rc`,`reliquat_ca`,`reliquat_rtt`,`id_equipe`,`id_service_rh`) VALUES ("Benton","Yolanda","ZLYU88",16,14,25,5,3,23,2),("Guthrie","Daria","XOVG16",4,15,14,5,3,33,3),("Hall","Jada","TETX80",12,2,18,3,3,11,4),("Eaton","Quin","AJBH39",10,1,30,5,4,30,2),("Franco","Gillian","TCXV62",7,3,12,4,5,47,4),("Johns","Ulric","HGGG91",9,7,26,3,3,27,3),("Velazquez","Xerxes","FPPP02",11,2,9,3,1,18,3),("Parker","Yoshi","URMO02",12,10,23,5,4,38,3),("Dennis","Chester","LQUL68",19,1,24,2,4,58,1),("Padilla","Gil","BTLS27",11,14,2,3,4,58,2);
INSERT INTO `employe` (`nom`,`prenom`,`matricule`,`nb_cp`,`nb_rtt`,`nb_rc`,`reliquat_ca`,`reliquat_rtt`,`id_equipe`,`id_service_rh`) VALUES ("Head","Cairo","RWQB63",15,11,5,1,5,33,2),("Byers","Jolene","CGBG35",10,5,7,1,5,43,4),("Irwin","Reese","KVHO70",11,15,26,4,1,20,4),("Peterson","Martha","OSXV12",12,12,14,5,1,61,2),("Galloway","Elaine","UCIB90",18,12,15,5,4,49,4),("Hutchinson","Arthur","GNOY88",10,5,8,4,3,17,2),("Alford","Dane","AJZN53",16,2,23,4,4,61,1),("Mooney","Flynn","CTZW82",14,8,20,3,5,56,1),("Henderson","Adria","BHFK47",6,14,15,2,3,46,3),("Lucas","Maia","ZAGA35",8,11,14,1,5,50,2);
INSERT INTO `employe` (`nom`,`prenom`,`matricule`,`nb_cp`,`nb_rtt`,`nb_rc`,`reliquat_ca`,`reliquat_rtt`,`id_equipe`,`id_service_rh`) VALUES ("Spence","Amal","YSDG06",14,5,19,4,4,50,3),("Lott","Dara","DUOU98",3,14,6,2,5,21,1),("Hall","Mannix","BVLA49",8,4,9,4,1,27,2),("Boyer","Rahim","JKUX16",6,4,17,3,1,32,3),("Fry","Callie","SJQV91",13,4,1,4,1,13,3),("Oconnor","Fletcher","XUDS91",2,4,8,1,3,53,1),("Newton","Wang","FDVV49",10,1,15,5,2,53,1),("Thomas","Medge","TWIL65",9,12,13,4,4,36,2),("Osborne","Vera","OFWS57",19,3,26,5,3,55,1),("Norris","Macey","NWOH73",7,6,1,4,5,31,3);
INSERT INTO `employe` (`nom`,`prenom`,`matricule`,`nb_cp`,`nb_rtt`,`nb_rc`,`reliquat_ca`,`reliquat_rtt`,`id_equipe`,`id_service_rh`) VALUES ("Michael","Tara","QYLG43",7,10,4,1,3,50,1),("Bentley","Clare","RKIR67",17,15,21,2,5,30,1),("Wynn","Palmer","KWKP68",1,9,21,2,1,41,4),("Martin","Knox","GCXK85",19,15,19,1,3,50,2),("Rios","Ethan","GQGY88",1,12,26,4,1,45,4),("Faulkner","Alexander","YHQE49",16,4,19,1,4,58,4),("Price","Idona","OIZO33",10,5,13,1,4,53,2),("Dean","Vladimir","PVGT97",1,4,3,5,2,38,3),("Sullivan","Dacey","LACU68",18,1,28,5,1,29,1),("Hunter","Beau","VPCL44",9,4,28,1,5,59,1);
INSERT INTO `employe` (`nom`,`prenom`,`matricule`,`nb_cp`,`nb_rtt`,`nb_rc`,`reliquat_ca`,`reliquat_rtt`,`id_equipe`,`id_service_rh`) VALUES ("Franco","Isadora","CRAC81",15,7,26,1,4,32,4),("Nichols","Xerxes","EBMJ56",3,10,9,5,2,41,1),("Garcia","Kylee","JQVD49",9,15,4,2,4,9,3),("Simon","Blaze","ZUSL12",13,5,6,1,1,11,1),("Carlson","Ferris","HXWZ17",5,14,6,5,3,58,2),("Brady","Ira","XLRJ78",2,4,23,5,1,37,3),("Hodge","Richard","MLFY89",19,5,8,1,1,25,3),("Leach","Hasad","OLSK74",2,14,9,1,4,20,3),("Chen","Calista","NDMN71",8,2,28,2,5,55,1),("Finley","Galena","LPNH36",10,14,16,4,4,16,4);
INSERT INTO `employe` (`nom`,`prenom`,`matricule`,`nb_cp`,`nb_rtt`,`nb_rc`,`reliquat_ca`,`reliquat_rtt`,`id_equipe`,`id_service_rh`) VALUES ("Murray","MacKensie","HYOI04",11,2,23,2,4,20,4),("Lester","Roth","OTKX59",6,1,19,2,1,47,1),("Velasquez","Kelly","NQTT66",6,2,30,1,4,22,3),("Mccoy","Zelda","BYEN17",1,7,26,4,4,32,3),("Walter","Lucian","PZYZ37",3,13,7,3,5,32,4),("Holloway","Odette","FATR06",2,5,11,5,4,51,2),("Knight","Ishmael","TNSL12",17,4,4,2,5,17,3),("Collier","Kaye","MFYQ31",15,7,7,5,4,28,1),("Brewer","Mira","RAVC59",17,5,30,1,4,15,1),("Hunt","Joan","NXQU80",13,1,10,4,5,49,2);
INSERT INTO `employe` (`nom`,`prenom`,`matricule`,`nb_cp`,`nb_rtt`,`nb_rc`,`reliquat_ca`,`reliquat_rtt`,`id_equipe`,`id_service_rh`) VALUES ("Myers","Pamela","YSJV00",20,6,1,4,4,9,2),("Grant","Gary","SPEA11",19,14,23,2,3,54,2),("Doyle","Angela","RLOE55",14,9,18,2,5,27,1),("Vang","Sheila","ZIRB38",19,13,29,2,4,39,3),("Clay","Chaim","MKML21",6,6,26,4,2,14,1),("Woodard","Ferris","KNXZ02",19,9,15,2,3,17,3),("Schultz","Hedley","CROW08",1,1,9,2,5,13,3),("Gamble","Wang","TURJ96",8,13,19,1,4,10,4),("Daugherty","Kerry","YECV05",11,7,13,4,3,60,1),("George","Vanna","MVUQ11",15,10,24,3,3,13,2);
INSERT INTO `employe` (`nom`,`prenom`,`matricule`,`nb_cp`,`nb_rtt`,`nb_rc`,`reliquat_ca`,`reliquat_rtt`,`id_equipe`,`id_service_rh`) VALUES ("Beach","Quinn","NLGR74",10,5,3,1,5,13,1),("Black","Aquila","BNLR41",14,6,1,2,2,57,2),("Buchanan","Chastity","ECUR03",12,11,1,1,4,15,3),("Paul","Gage","VNUF89",4,8,1,5,4,50,3),("Waller","Odysseus","WOMX95",3,2,30,2,2,29,4),("Gregory","Rebekah","KOTV00",19,8,5,5,1,38,4),("Booth","Timothy","SNGZ36",6,10,2,1,3,58,3),("White","Kareem","UBQV03",8,8,13,4,3,36,2),("Allison","Akeem","TNKC49",1,7,28,5,1,43,1),("Collins","Ferdinand","PDIG91",8,8,28,5,1,39,1);
INSERT INTO `employe` (`nom`,`prenom`,`matricule`,`nb_cp`,`nb_rtt`,`nb_rc`,`reliquat_ca`,`reliquat_rtt`,`id_equipe`,`id_service_rh`) VALUES ("Combs","Kimberly","EQKT17",2,9,12,3,3,26,2),("Nicholson","Hillary","AZHL80",4,2,15,3,2,44,1),("Reilly","Charde","GODI36",6,6,9,3,4,18,2),("Galloway","Ralph","RQBE87",14,3,2,2,2,14,2),("Holcomb","Dorothy","LKNE22",15,14,18,1,5,61,3),("Terry","Nathan","XBVQ69",18,2,13,2,4,14,1),("Gallegos","Jenette","DESJ56",10,15,7,5,4,57,2),("Ayers","Tanya","NITC11",8,2,6,1,2,29,1),("Crawford","Daryl","JZED74",15,2,8,5,2,23,2),("Clay","Oscar","TXIN81",7,8,28,5,5,18,1);
INSERT INTO `employe` (`nom`,`prenom`,`matricule`,`nb_cp`,`nb_rtt`,`nb_rc`,`reliquat_ca`,`reliquat_rtt`,`id_equipe`,`id_service_rh`) VALUES ("Blackburn","Glenna","VAOZ90",17,10,12,1,3,31,3),("Summers","Lee","EOYO21",7,2,14,2,2,22,2),("Zamora","Dorothy","KAQW62",12,3,20,4,5,55,1),("Cantrell","Keely","MBXU59",5,13,15,4,4,38,1),("Chang","Carson","BART27",17,5,16,5,2,32,4),("Ellison","Astra","LARU36",20,6,26,4,3,53,4),("Mckay","Giselle","TMHH97",19,8,14,4,3,14,1),("Suarez","Aiko","JCFA00",1,3,14,5,5,38,1),("King","Roth","ASYN24",16,9,28,1,1,22,1),("Gates","Medge","MWOE90",12,4,18,3,5,45,4);
INSERT INTO `employe` (`nom`,`prenom`,`matricule`,`nb_cp`,`nb_rtt`,`nb_rc`,`reliquat_ca`,`reliquat_rtt`,`id_equipe`,`id_service_rh`) VALUES ("Steele","Adria","BBSQ59",11,15,22,4,4,30,3),("Pugh","Uriah","QVGU99",7,3,11,5,3,12,1),("Castillo","Risa","HERZ44",1,13,29,1,5,9,1),("Wooten","James","JLUZ00",17,6,21,2,2,18,2),("Neal","Zena","IPFH38",11,4,20,2,4,31,1),("Hays","Kennedy","WEEH89",13,4,17,1,5,19,1),("Dennis","Mollie","OIJN88",17,9,6,5,2,55,2),("Bradford","Gisela","JZYY35",12,13,12,3,1,22,1),("Bruce","Armando","RBZG94",6,11,23,5,2,58,1),("Gates","Roth","BNDA65",15,8,22,2,1,56,4);
INSERT INTO `employe` (`nom`,`prenom`,`matricule`,`nb_cp`,`nb_rtt`,`nb_rc`,`reliquat_ca`,`reliquat_rtt`,`id_equipe`,`id_service_rh`) VALUES ("Meadows","Hayes","BPJJ91",18,11,21,1,1,48,1),("Huff","Velma","UCML50",20,4,17,5,4,37,4),("Rivers","Bree","UGFS23",2,5,16,3,3,52,1),("Vega","Emerald","QJVV12",5,11,29,2,1,36,3),("Leblanc","Joy","DATD27",14,7,13,5,3,22,2),("Wong","Alfreda","BXRJ59",3,7,17,5,5,61,3),("Miranda","Jin","PYDH32",12,9,28,2,5,53,4),("Hines","Amery","STRL09",19,9,3,4,1,12,1),("Oconnor","Kalia","RLQK17",10,15,3,2,4,60,4),("Crosby","Katelyn","VAJF65",4,13,17,1,2,34,4);
INSERT INTO `employe` (`nom`,`prenom`,`matricule`,`nb_cp`,`nb_rtt`,`nb_rc`,`reliquat_ca`,`reliquat_rtt`,`id_equipe`,`id_service_rh`) VALUES ("Hurst","Medge","TEXT14",15,9,4,2,1,44,1),("Oliver","Victor","WEFC16",1,9,10,5,5,35,3),("Salinas","Damian","QFJT81",10,9,18,5,2,28,1),("Armstrong","Zane","FFRF74",14,4,14,5,2,49,1),("Carr","Serena","SNPD98",7,14,21,1,1,19,4),("Wilkerson","Neil","UMKF70",12,8,29,5,2,54,2),("Randall","Bevis","QVNR78",6,6,4,3,3,15,3),("Henderson","Clio","IYQY91",16,15,12,5,1,12,3),("Blackwell","Charlotte","EWIY70",20,13,12,3,1,38,1),("Benton","Nayda","YPLP62",20,9,26,2,5,22,3);
INSERT INTO `employe` (`nom`,`prenom`,`matricule`,`nb_cp`,`nb_rtt`,`nb_rc`,`reliquat_ca`,`reliquat_rtt`,`id_equipe`,`id_service_rh`) VALUES ("Gallagher","Aaron","CCJS11",1,3,23,4,5,38,4),("Townsend","Lamar","MFNW67",10,10,12,1,4,32,3),("French","Arthur","JAWI21",10,9,5,2,1,16,4),("Townsend","Kenneth","UIBZ73",18,15,7,2,2,28,3),("Pitts","Jessamine","WJEN89",5,15,14,1,5,12,1),("Morrow","Kane","TBNO48",3,9,14,1,4,22,4),("Pugh","Lamar","WIQW79",15,13,29,2,4,56,2),("Owen","Nero","AUET65",7,8,11,4,5,39,1),("Young","Carol","OEVZ53",4,9,12,3,1,37,1),("Sloan","Hall","UTVF60",16,14,28,3,3,54,3);
INSERT INTO `employe` (`nom`,`prenom`,`matricule`,`nb_cp`,`nb_rtt`,`nb_rc`,`reliquat_ca`,`reliquat_rtt`,`id_equipe`,`id_service_rh`) VALUES ("Charles","Genevieve","DYWA48",9,1,24,4,5,40,4),("Daugherty","Nelle","VGKS94",16,1,8,2,4,34,3),("Whitehead","Cameron","LNLX88",14,4,5,5,2,55,4),("Lynch","Elliott","MKHL02",10,15,30,2,5,33,2),("Snow","MacKenzie","HSNC93",7,12,22,4,5,16,4),("Alvarez","Mollie","RSTL90",3,12,4,4,5,15,1),("Berger","Zorita","UNHM63",18,14,17,1,1,39,3),("Gates","Neville","LHST23",6,3,2,3,1,11,3),("Stout","Dean","XPHS60",17,6,11,2,5,42,4),("Puckett","Tallulah","NJHR12",14,4,14,3,3,36,3);
COMMIT;


SET AUTOCOMMIT=0;
INSERT INTO `user` (`email`,`password`,`id_employe`,`id_role`) VALUES ("Aliquam.auctor@vitaeposuereat.ca","WGJZX447",1,1),("sem.ut.cursus@aliquetvelvulputate.com","ZKQPN607",2,2),("eleifend.nunc.risus@Aenean.ca","DZYGY433",3,5),("mauris@Phasellusinfelis.ca","VDORC289",4,1),("consectetuer.ipsum.nunc@etmagnis.edu","EUMRZ515",5,2),("mauris.id.sapien@Sedidrisus.net","CNUAQ640",6,1),("elementum.purus.accumsan@Phasellus.net","TVLDR011",7,5),("dolor.sit@elementumdui.ca","SIMOM657",8,3),("urna.Ut.tincidunt@nonhendreritid.edu","FONJD432",9,5),("lacinia.at.iaculis@euodioPhasellus.ca","SEGPM379",10,2);
INSERT INTO `user` (`email`,`password`,`id_employe`,`id_role`) VALUES ("quam.Curabitur@malesuadamalesuada.co.uk","YEWVY517",11,3),("Duis@felisullamcorper.net","DNFQB180",12,5),("fames.ac@nequesed.co.uk","BHJHA777",13,2),("nibh.dolor.nonummy@parturientmontesnascetur.co.uk","ECBPD491",14,5),("non.leo@mauris.org","YJXCL178",15,4),("semper@Quisque.edu","PTSRW230",16,2),("quis.urna@lobortisrisus.ca","VPROA869",17,2),("velit.in.aliquet@loremtristique.com","UHUOD253",18,2),("Praesent.eu@egetipsumDonec.ca","RGGAK247",19,3),("at.velit.Cras@massa.net","CFCUQ578",20,3);
INSERT INTO `user` (`email`,`password`,`id_employe`,`id_role`) VALUES ("Phasellus.ornare@fermentumconvallis.ca","PBWOC303",21,2),("at@ultriciesadipiscingenim.com","TIPCC192",22,1),("elit.a.feugiat@Ut.net","NJDEM448",23,4),("orci.luctus@ante.com","MRAHC831",24,4),("ipsum@tempusmauris.net","YPEUB854",25,3),("et.netus@cursusdiamat.com","ISBNS121",26,1),("vel.arcu@enimsitamet.com","GFAQQ131",27,1),("tincidunt.vehicula@rutrumnon.net","MJBOS490",28,2),("Ut.semper@dignissim.com","SEKDG931",29,3),("faucibus.Morbi@venenatislacusEtiam.net","XPUIY207",30,1);
INSERT INTO `user` (`email`,`password`,`id_employe`,`id_role`) VALUES ("ipsum.non.arcu@natoquepenatibus.net","FNZEJ711",31,2),("ipsum.dolor.sit@diamvelarcu.org","GPCYY104",32,2),("ut.odio@aultricies.ca","GNYMJ804",33,3),("volutpat@egestas.org","YTLAH417",34,3),("felis@risusIn.co.uk","UKFNC759",35,3),("in.molestie.tortor@mollisPhasellus.org","MFTZE089",36,1),("blandit.at.nisi@vel.ca","OYQEK674",37,1),("fringilla@Vestibulumanteipsum.co.uk","VEXMD969",38,5),("ligula.eu.enim@ac.ca","OSBOF982",39,3),("dolor.tempus.non@semconsequatnec.org","YGREL746",40,5);
INSERT INTO `user` (`email`,`password`,`id_employe`,`id_role`) VALUES ("ante.bibendum.ullamcorper@felis.ca","HXKSU573",41,2),("feugiat.Lorem@telluseuaugue.com","SNTOY422",42,1),("ultricies.dignissim@odiosagittis.com","GYCZQ642",43,4),("Suspendisse.dui.Fusce@vel.net","LKHWH799",44,1),("dui@iaculisodio.ca","REPKO649",45,3),("tortor@arcu.com","CDQNU557",46,3),("ultricies@lorem.org","XXLYS946",47,5),("quis.pede@tinciduntnuncac.edu","ZNJHR012",48,5),("blandit.enim@risusatfringilla.com","JAJRF384",49,2),("tristique.senectus@lorem.org","UOHGW189",50,1);
INSERT INTO `user` (`email`,`password`,`id_employe`,`id_role`) VALUES ("semper@ullamcorperDuisat.edu","DRZOE818",51,2),("magna.Phasellus@Donec.org","JEMJE003",52,3),("purus.ac@ac.edu","WYVDQ170",53,2),("sed.leo@ante.net","NXYMO251",54,1),("Lorem.ipsum.dolor@fringillaeuismodenim.com","HTDHK831",55,5),("ante@bibendumDonecfelis.edu","MUQWF984",56,1),("risus.Nulla@luctusfelispurus.net","LXQIT380",57,3),("aliquet@risus.net","YPIUD654",58,2),("enim@pedeCras.org","CJULF531",59,1),("purus.Duis.elementum@justoeu.net","UCKHG053",60,2);
INSERT INTO `user` (`email`,`password`,`id_employe`,`id_role`) VALUES ("lectus.rutrum@Vivamusnibh.com","NJGGK579",61,3),("facilisis.Suspendisse.commodo@elitpretium.ca","YUORV758",62,2),("interdum.Nunc@Sednullaante.ca","HZGNF544",63,3),("cursus.in.hendrerit@ullamcorper.edu","CEVRC010",64,4),("non.sollicitudin@InloremDonec.edu","CSJWU503",65,3),("vehicula.et.rutrum@Phasellusfermentumconvallis.co.uk","BRCTO622",66,4),("Pellentesque.habitant.morbi@Proindolor.com","TMRXC029",67,5),("Aenean@quisdiam.net","EIZBN449",68,5),("mattis.semper.dui@enimnon.ca","SOEOW580",69,2),("tincidunt.Donec@Phasellusdolor.edu","EZCUV775",70,4);
INSERT INTO `user` (`email`,`password`,`id_employe`,`id_role`) VALUES ("Quisque.libero.lacus@sedconsequatauctor.edu","TENBY727",71,4),("aliquet.molestie@leo.com","FCCZU269",72,3),("Integer.vitae@Maurisnondui.org","WNFIN358",73,1),("facilisis.non.bibendum@suscipitnonummyFusce.org","XIILZ149",74,4),("at.velit@nonante.edu","UKTSN689",75,2),("leo@elit.net","XEHID039",76,5),("magnis@dolordapibusgravida.net","JZKHF676",77,5),("lacus@dis.com","IDKFH450",78,2),("diam@eros.ca","HIZIP652",79,5),("eget.laoreet@Curabiturconsequat.ca","QZNFK654",80,4);
INSERT INTO `user` (`email`,`password`,`id_employe`,`id_role`) VALUES ("aliquet.Proin.velit@enimsitamet.edu","TDJLC978",81,4),("tellus@Donecfelisorci.com","XXDSE983",82,4),("Mauris.molestie.pharetra@ipsum.com","ZIAFX832",83,4),("sit@ultricesposuere.com","TPYNU463",84,2),("Mauris@acarcu.edu","IPKOV155",85,2),("fames.ac@rutrumloremac.org","EVIUU798",86,1),("Integer@InloremDonec.net","DHUBU722",87,1),("magna.Lorem.ipsum@montesnascetur.edu","BMCVN316",88,4),("Vivamus.rhoncus@aliquet.net","QDJZZ373",89,5),("id.erat.Etiam@ipsumac.com","YQFEU571",90,3);
INSERT INTO `user` (`email`,`password`,`id_employe`,`id_role`) VALUES ("nibh@euarcu.edu","ZGGJG758",91,3),("pretium.et.rutrum@enimEtiamimperdiet.co.uk","WOKOF962",92,1),("lobortis.nisi.nibh@leo.net","HFCCI645",93,2),("Duis.gravida@Nullaeget.co.uk","TBYDF416",94,4),("sed@ligulaeu.co.uk","DKTDM765",95,5),("ipsum@utnisia.net","FCVWV489",96,1),("ultrices.mauris.ipsum@Namac.net","IGCUE008",97,5),("interdum.ligula@Inatpede.net","SCARY373",98,3),("massa.lobortis@sitametfaucibus.net","SGKIZ640",99,2),("id.blandit@Sed.ca","ROZWS811",100,1);
INSERT INTO `user` (`email`,`password`,`id_employe`,`id_role`) VALUES ("faucibus.leo.in@venenatis.com","ZCTXU483",101,5),("sem.ut@eunibhvulputate.ca","QBJJS467",102,3),("est.mauris@eu.com","NNLLF128",103,1),("Phasellus@tempuseu.net","QZHZM375",104,4),("rhoncus.Donec.est@aliquetdiamSed.org","UFKPT874",105,2),("quam.quis@semegestas.co.uk","IFTVC970",106,4),("sed.hendrerit.a@liberolacusvarius.net","DMLXK723",107,3),("enim@sociis.edu","EIHJW642",108,4),("et.netus@aliquetnecimperdiet.edu","OINSW603",109,1),("Maecenas.malesuada@egestas.org","OYGZN780",110,2);
INSERT INTO `user` (`email`,`password`,`id_employe`,`id_role`) VALUES ("eget.varius.ultrices@nibh.org","MIKIG973",111,3),("et.pede@arcu.org","IRTJA715",112,4),("magnis@molestieSedid.com","ABNGC177",113,2),("sagittis@convallis.ca","KHQDF955",114,5),("consectetuer.rhoncus.Nullam@luctussit.net","AIMTJ037",115,4),("a.aliquet@magnaseddui.org","SKVQH034",116,2),("ornare@risusDonec.ca","QTBJZ520",117,3),("ac.facilisis.facilisis@elementum.net","DJZUA643",118,4),("congue.a.aliquet@Integer.ca","MXRSM373",119,4),("aliquet@Sed.com","ZGCIB416",120,5);
INSERT INTO `user` (`email`,`password`,`id_employe`,`id_role`) VALUES ("nonummy.ut@Naminterdum.co.uk","JYHVY338",121,1),("scelerisque.mollis.Phasellus@sedlibero.co.uk","QYUHS305",122,3),("massa.lobortis@eu.org","UUSSR388",123,2),("semper.auctor.Mauris@cursusNunc.co.uk","CFZUV117",124,1),("magna.sed@etpede.ca","UIOVM382",125,3),("aliquet@Maurisquisturpis.ca","EMERA263",126,4),("ante@inlobortis.org","FTKAK227",127,4),("Donec.egestas.Duis@commodo.net","NWJXL257",128,3),("eros.Nam@augueeutempor.com","RUORX655",129,4),("accumsan.sed@Duis.org","JZZAS764",130,5);
INSERT INTO `user` (`email`,`password`,`id_employe`,`id_role`) VALUES ("mus.Proin@nectempus.ca","UOIEX196",131,2),("dictum@enimsitamet.org","UEBOQ564",132,2),("Morbi@dapibusrutrumjusto.ca","ZUTLI062",133,1),("mollis@sagittislobortismauris.ca","VKJNZ822",134,5),("Fusce@volutpatNulladignissim.ca","LTFLR557",135,1),("tellus.eu@necurna.org","VWXCD323",136,3),("sem.elit@urnaconvallis.edu","GUGJD606",137,5),("enim@Nuncpulvinar.com","PPZQM512",138,4),("mauris.Integer@tristiquepellentesque.ca","KMIXX482",139,4),("ligula.elit.pretium@dolorquamelementum.org","DJQVQ841",140,5);
INSERT INTO `user` (`email`,`password`,`id_employe`,`id_role`) VALUES ("egestas.rhoncus.Proin@maurisblandit.co.uk","ETTTP298",141,3),("sem@Nunclectuspede.org","HWYEV587",142,2),("vulputate@Nunc.co.uk","PSWIZ836",143,4),("Mauris.vestibulum@nuncInat.co.uk","WJEVF680",144,2),("Phasellus@ultricesposuerecubilia.com","SOGPW689",145,4),("ipsum.Suspendisse.sagittis@dui.com","AEEIU054",146,4),("feugiat.nec.diam@lacusUt.ca","DFFVM152",147,3),("tempor@tortorInteger.com","BMGNH710",148,4),("velit.dui@musProinvel.edu","QIHDF958",149,4),("Donec.vitae.erat@et.com","DPOMA129",150,2);
INSERT INTO `user` (`email`,`password`,`id_employe`,`id_role`) VALUES ("aliquet.magna.a@nonummyipsum.com","LGKFV586",151,1),("amet.nulla@orci.net","PXTQP355",152,1),("Nunc.laoreet@dictummiac.com","NOKEX206",153,3),("mus.Proin@risus.co.uk","YQFZQ721",154,2),("purus@massa.net","VKLZF664",155,4),("sem.semper.erat@euligulaAenean.edu","AUHOV492",156,2),("Nullam.suscipit.est@leoCras.ca","QWWXR608",157,3),("fermentum.vel.mauris@Quisqueornaretortor.ca","CKJAN572",158,2),("nulla.ante.iaculis@SuspendisseeleifendCras.co.uk","FOYBU002",159,2),("bibendum.fermentum@nonfeugiatnec.edu","IPFED570",160,2);
INSERT INTO `user` (`email`,`password`,`id_employe`,`id_role`) VALUES ("vel@est.org","BFGLQ994",161,5),("diam.Pellentesque.habitant@vulputatelacus.edu","HXTIZ794",162,3),("Donec.consectetuer@non.net","HFNRR672",163,2),("at.nisi@posuerecubilia.com","RRNEI746",164,3),("sed.est@odioAliquam.net","PPIFT020",165,1),("in.consequat.enim@quamquis.edu","HAMVT817",166,1),("sagittis.lobortis@musProinvel.org","JQNKO904",167,3),("Morbi.neque@eusemPellentesque.co.uk","KTCLS180",168,1),("adipiscing.lobortis.risus@elitpharetra.ca","SWLUM564",169,3),("dolor.nonummy.ac@mauriserateget.com","GTQAY618",170,4);
INSERT INTO `user` (`email`,`password`,`id_employe`,`id_role`) VALUES ("auctor.vitae.aliquet@ligula.com","ROSAC892",171,5),("Mauris.blandit@vel.org","KUPCN140",172,5),("malesuada.fames.ac@facilisisfacilisismagna.ca","LFNCI326",173,4),("ac.metus.vitae@Phasellus.edu","XICQE007",174,5),("rutrum@fermentumarcuVestibulum.edu","FVTXQ702",175,3),("nec.imperdiet.nec@convallisestvitae.com","ALQVK722",176,3),("nec@ornarelectus.net","CFKJQ550",177,3),("rhoncus.Proin.nisl@egettincidunt.com","ITOJL886",178,2),("Cras.lorem.lorem@utdolor.org","EJGTV798",179,1),("arcu.Aliquam@urnaUt.org","IPBTP074",180,3);
INSERT INTO `user` (`email`,`password`,`id_employe`,`id_role`) VALUES ("orci@justoPraesent.co.uk","GEVPU338",181,2),("adipiscing.lacus.Ut@felis.edu","NHSLC118",182,5),("cursus.diam@nibh.edu","ALWYJ075",183,2),("auctor@et.edu","AHLLU234",184,3),("vel.convallis.in@tempuslorem.net","BKTZW985",185,3),("feugiat.nec.diam@dignissimlacusAliquam.co.uk","FGKUZ655",186,5),("in.molestie.tortor@nequeMorbiquis.com","QCPEV387",187,1),("Morbi@Donecat.edu","XDFRU484",188,2),("Mauris.vestibulum.neque@sem.org","EFTZH017",189,1),("malesuada@augue.net","WMHQM517",190,2);
INSERT INTO `user` (`email`,`password`,`id_employe`,`id_role`) VALUES ("malesuada.malesuada.Integer@mus.net","JCUYT426",191,4),("euismod@aliquet.edu","SMSRN653",192,2),("est@Duis.co.uk","WIWQZ084",193,5),("vitae.dolor@euismodmauriseu.net","MQFBS933",194,3),("Quisque.tincidunt@fermentummetusAenean.edu","PAWFG457",195,5),("interdum@gravidamaurisut.ca","CYONC975",196,4),("Aliquam.ultrices@asollicitudin.org","CPHND034",197,2),("pretium.neque.Morbi@risusNunc.ca","EWUSD319",198,3),("ligula.elit.pretium@ligulaAeneaneuismod.edu","MKHIE615",199,5),("ornare.lectus.justo@NullafacilisisSuspendisse.org","OCHVS063",200,2);
INSERT INTO `user` (`email`,`password`,`id_employe`,`id_role`) VALUES ("scelerisque.mollis@aliquet.com","EYUNL853",201,1),("Aliquam@Vestibulum.com","AHSGZ820",202,1),("ullamcorper.viverra@etultrices.org","TAFJU342",203,5),("arcu@nec.edu","JHTZN757",204,5),("arcu@ante.com","OQKYX847",205,5),("sem@condimentumDonecat.ca","LRFRV354",206,2),("tincidunt.nunc.ac@aliquetnecimperdiet.co.uk","WQHNA922",207,5),("Donec@orci.net","PNAYZ274",208,1),("rutrum.lorem.ac@Phasellus.ca","TUHHO302",209,1),("Nullam.suscipit.est@temporlorem.ca","XQSFS211",210,3);
INSERT INTO `user` (`email`,`password`,`id_employe`,`id_role`) VALUES ("neque.non@lorem.com","AWUBS506",211,1),("a.ultricies@erat.com","BYRMZ971",212,2),("risus.Nunc.ac@morbitristique.edu","QAQYX461",213,1),("at.iaculis.quis@lacuspedesagittis.co.uk","HKGPA059",214,4),("quis@lacusvestibulum.org","IZEGL119",215,5),("in.hendrerit.consectetuer@loremsit.co.uk","BPJRU673",216,5),("mollis@felisorciadipiscing.edu","FMSMK991",217,5),("arcu@est.edu","GUYXY126",218,4),("eu@euturpisNulla.com","NJNAH642",219,2),("eget@feugiatSed.ca","ZINDO390",220,4);
INSERT INTO `user` (`email`,`password`,`id_employe`,`id_role`) VALUES ("dui.quis@dictumultricies.co.uk","UWKVY112",221,2),("convallis.est@bibendumsed.net","WYRVZ757",222,4),("Donec.est@Aliquam.edu","VWMZG047",223,4),("felis.adipiscing.fringilla@sitametrisus.net","AMGCL268",224,4),("et.eros.Proin@iaculisquispede.co.uk","FPCIC930",225,1),("Integer.id.magna@rutrumjustoPraesent.net","POICS522",226,4),("est@Nam.com","OGVRH377",227,1),("sit.amet@vulputateposuere.ca","XSFNQ747",228,3),("magna@interdumCurabitur.co.uk","DTYZG439",229,5),("mollis.lectus.pede@sagittis.net","EXONR378",230,5);
INSERT INTO `user` (`email`,`password`,`id_employe`,`id_role`) VALUES ("erat.semper@consectetuercursus.co.uk","RPXZD558",231,5),("massa.Suspendisse.eleifend@rutrumeu.edu","WYMAV003",232,4),("turpis@sodales.co.uk","BSLCE380",233,2),("ultrices.posuere@magna.com","ULOXB025",234,5),("parturient@dapibusidblandit.ca","QGVQX842",235,3),("neque.Nullam@ornaresagittisfelis.co.uk","ZRCDK913",236,3),("Fusce.mollis@enimEtiamgravida.com","ZQHJU024",237,1),("adipiscing.lobortis@sollicitudin.edu","CXHDB786",238,3),("ornare.lectus.ante@faucibus.com","TPGOY701",239,3),("Cras.interdum.Nunc@dictumcursus.co.uk","KSXGD501",240,2);
INSERT INTO `user` (`email`,`password`,`id_employe`,`id_role`) VALUES ("sapien.Cras.dolor@semperdui.org","VGUPO397",241,4),("non@malesuadavel.net","WWQPJ996",242,5),("tellus@odiosagittis.com","TXQIS289",243,2),("purus.ac@hendreritDonec.ca","JUONF151",244,4),("eget.nisi.dictum@sodalespurus.edu","HBUZN680",245,4),("in.magna.Phasellus@tincidunttempus.org","KHPPE286",246,4),("non.massa@leoMorbi.co.uk","HWQEN347",247,1),("pharetra.Nam.ac@duinec.com","OWAEV079",248,2),("nec.diam.Duis@Donec.org","NGXEP377",249,4),("mauris@imperdietullamcorper.com","VJOCR685",250,3);
INSERT INTO `user` (`email`,`password`,`id_employe`,`id_role`) VALUES ("Integer.vulputate.risus@egetmetuseu.ca","YFUPO889",251,5),("Vivamus.rhoncus.Donec@estarcuac.edu","MARGS244",252,2),("eget@mieleifendegestas.net","RXQRD984",253,2),("Proin.sed@Curabitursedtortor.ca","OVFIB199",254,5),("egestas.urna@Donec.net","LSFJS127",255,1),("Curae.Phasellus@Nullamvelit.co.uk","DEPSL245",256,2),("pellentesque.eget.dictum@elitNulla.ca","TBZFO802",257,2),("eget@liberoatauctor.net","GEKBC418",258,5),("nisi.a.odio@Cras.edu","YHGIY537",259,5),("ipsum.Suspendisse.sagittis@lectus.com","ZFJMN395",260,1);
INSERT INTO `user` (`email`,`password`,`id_employe`,`id_role`) VALUES ("semper.rutrum@risusDonec.net","NOGZD243",261,5),("Duis@massaIntegervitae.co.uk","UJKZT043",262,4),("lorem@anteMaecenas.ca","VKTPS550",263,1),("nec@eratSed.co.uk","PRIFT814",264,3),("Fusce.dolor.quam@convallis.co.uk","HKBYC323",265,4),("Sed@ametfaucibus.com","AWCJJ029",266,4),("Mauris@cursusnon.ca","GZGHD036",267,5),("mollis.Duis.sit@mipedenonummy.com","XUSPF671",268,3),("Lorem@enimgravida.net","AAJCE851",269,5),("lobortis.mauris.Suspendisse@placerataugue.net","DQJEM877",270,3);
INSERT INTO `user` (`email`,`password`,`id_employe`,`id_role`) VALUES ("non@orciPhasellusdapibus.co.uk","JITQM687",271,3),("vel@Quisqueporttitoreros.co.uk","MZEOQ807",272,3),("erat.vel@semper.org","QOPUO785",273,4),("turpis.Nulla@molestiedapibusligula.org","VYQRT065",274,3),("Cras@ipsumdolorsit.co.uk","MISQI572",275,5),("aliquam.enim@adipiscingelit.org","LDOPA869",276,1),("quis@posuereatvelit.com","KZUFJ683",277,5),("convallis@quistristiqueac.org","QVMMZ163",278,2),("fringilla.purus@placerataugue.edu","ZMYMV871",279,4),("egestas@mauris.ca","UNNZT282",280,4);
INSERT INTO `user` (`email`,`password`,`id_employe`,`id_role`) VALUES ("hendrerit.consectetuer.cursus@nullaIntincidunt.net","JVDIJ086",281,1),("egestas.a@quis.edu","XHKUH937",282,2),("In@variusNam.edu","QJLUW215",283,5),("urna.et@quis.org","XGFCX980",284,5),("Suspendisse.aliquet.sem@magnisdis.ca","BPRJU373",285,4),("auctor.ullamcorper.nisl@Pellentesquehabitantmorbi.com","SGNBB097",286,1),("aliquam@Nullam.org","HCTUZ064",287,1),("Sed.eget@Duisami.edu","DIPJI480",288,2),("lorem.ac.risus@metusVivamus.ca","EUVPD208",289,1),("natoque.penatibus.et@tristiquealiquet.co.uk","DWQRA392",290,3);
INSERT INTO `user` (`email`,`password`,`id_employe`,`id_role`) VALUES ("Mauris.ut@musAeneaneget.org","NIQHX872",291,1),("dui.nec@euismodurna.net","FINJB167",292,1),("Cras.sed@Donecfeugiat.edu","TAIJZ865",293,2),("velit@euelitNulla.edu","UADUO867",294,5),("malesuada.fringilla.est@Fuscemi.com","FDZLX352",295,5),("eget@Nullam.net","HPOYK926",296,2),("sit.amet.luctus@dolor.net","EFWSM854",297,1),("vel.pede@utmolestie.edu","MMTIE234",298,2),("Nulla@lobortismauris.net","GDURZ584",299,2),("tempus.non@semper.ca","EQWVT428",300,1);
INSERT INTO `user` (`email`,`password`,`id_employe`,`id_role`) VALUES ("purus@porttitor.net","UOROQ798",301,3),("sed.facilisis@nequesed.net","JIWPQ157",302,3),("est.vitae.sodales@perconubia.com","HGGSN728",303,1),("mauris.elit@tempus.ca","VXYLT739",304,5),("nisi.nibh.lacinia@Curabituregestas.com","MCEBJ840",305,5),("gravida.sagittis@et.org","AZHGZ349",306,3),("Proin@vel.org","AIVCN720",307,3),("non.leo.Vivamus@ligulaAliquam.ca","WUXRL569",308,2),("ornare.placerat@orciadipiscing.co.uk","QNZWK628",309,3),("In@ettristiquepellentesque.co.uk","ZNATT516",310,5);
INSERT INTO `user` (`email`,`password`,`id_employe`,`id_role`) VALUES ("eros.nec@necanteblandit.org","XXSAQ948",311,5),("tellus.justo.sit@arcuAliquam.org","INCAF173",312,5),("aliquam.iaculis.lacus@acorci.org","PHJBV430",313,4),("ridiculus.mus@anteVivamus.ca","NNYID217",314,4),("Proin@nostra.net","OLISL709",315,4),("Fusce.aliquam.enim@consequat.com","FAQER708",316,3),("Sed.eu@non.co.uk","AHITP307",317,3),("magna@Namligulaelit.ca","RCAEF530",318,5),("ridiculus@penatibuset.org","KALPI848",319,4),("amet@libero.com","LYJXM161",320,1);
INSERT INTO `user` (`email`,`password`,`id_employe`,`id_role`) VALUES ("cursus.Nunc@vehiculaPellentesquetincidunt.edu","UFBSV048",321,4),("scelerisque.sed@elit.com","CKRZS725",322,5),("in.tempus.eu@enimCurabitur.net","WREJV522",323,5),("diam.lorem.auctor@mollis.co.uk","NPSSS684",324,4),("massa.non@mollisIntegertincidunt.edu","RVSKG760",325,4),("Proin@nuncsit.co.uk","HWHBU394",326,1),("nec.luctus@necmauris.com","JVYOT730",327,5),("Sed@pellentesqueeget.com","OLZEP259",328,1),("id@dictumsapien.co.uk","LCWVZ869",329,5),("tristique@Vivamussit.com","DKSBS653",330,3);
INSERT INTO `user` (`email`,`password`,`id_employe`,`id_role`) VALUES ("Duis@commodoat.edu","LGUPK246",331,4),("parturient@metusAliquamerat.org","OFYWO848",332,4),("nec@enimdiam.edu","OUGFU148",333,5),("consectetuer@pellentesquea.ca","CGKYX380",334,4),("Cras.lorem@egetvenenatis.ca","QFNIN490",335,3),("molestie.dapibus.ligula@posuere.net","TLIIE697",336,2),("Aliquam.ultrices@rutrummagna.ca","IXIXA042",337,5),("Quisque.ornare.tortor@lacusvestibulum.co.uk","YGCNY117",338,1),("gravida@tempor.org","XUCXY365",339,5),("ac.urna@tristiquealiquet.ca","AHPLD877",340,4);
INSERT INTO `user` (`email`,`password`,`id_employe`,`id_role`) VALUES ("in@nullaante.edu","HZGGI036",341,4),("blandit.congue@rutrummagna.ca","TYIRV352",342,4),("Ut.tincidunt@id.net","MJUXB923",343,3),("sem.mollis.dui@magnaa.edu","JRTTC868",344,3),("Nullam.velit@egestaslaciniaSed.net","UOWIX256",345,4),("Nam.consequat@pedeacurna.net","FJVVD236",346,4),("Quisque@congueelit.com","DMKTH837",347,1),("Quisque@ettristiquepellentesque.edu","YDVMD376",348,2),("ullamcorper@utmi.ca","OQVJQ091",349,4),("non.vestibulum@sedconsequat.edu","QGORC540",350,5);
INSERT INTO `user` (`email`,`password`,`id_employe`,`id_role`) VALUES ("sagittis.lobortis.mauris@Pellentesque.com","WPAKA552",351,5),("tellus.id@Phaselluselit.org","PJQOF441",352,2),("risus.varius@convallis.org","EQGXW161",353,5),("et.magnis@etliberoProin.edu","QNWQZ167",354,3),("Cras.interdum@orciquislectus.org","EPYZY711",355,3),("neque@euerat.co.uk","IZJHD428",356,4),("Suspendisse.sed@rhoncusid.com","LQHKP907",357,1),("ac.tellus.Suspendisse@Proinnisl.com","SBDDN896",358,3),("arcu.Morbi.sit@iaculis.edu","PDOQD608",359,1),("nisi.Mauris@Proin.org","OTLPW141",360,2);
INSERT INTO `user` (`email`,`password`,`id_employe`,`id_role`) VALUES ("amet.orci.Ut@sodaleseliterat.net","RNEZS928",361,1),("nunc.id@liberoDonecconsectetuer.co.uk","PJEEK002",362,1),("consequat.nec@utodio.co.uk","DORHR211",363,1),("cursus.purus@nisiMaurisnulla.ca","ZACZA890",364,1),("vitae.erat@Aeneangravidanunc.co.uk","KXXOQ170",365,4),("nec@sitamet.net","SAMGE675",366,4),("quis.diam@acmattissemper.ca","FMUVX541",367,5),("amet@convallisdolorQuisque.com","UQNNY672",368,2),("tellus.id.nunc@elitEtiam.edu","MLOIA158",369,2),("malesuada@feugiat.edu","DIKWR612",370,1);
INSERT INTO `user` (`email`,`password`,`id_employe`,`id_role`) VALUES ("feugiat.non.lobortis@lectusconvallis.co.uk","ACOOB972",371,3),("lectus@cursus.org","YYUWH778",372,5),("risus.odio@sed.co.uk","KLXSI709",373,2),("arcu.Sed.eu@nibh.com","HKUPC584",374,4),("ligula.tortor.dictum@tempor.ca","STEBF543",375,3),("mollis.lectus.pede@natoquepenatibus.net","PSDYE776",376,3),("ac.nulla@etmagnisdis.edu","DMLDE703",377,4),("ante.iaculis@liberonec.net","PWCZU771",378,5),("magna.a@necmetus.ca","TICMJ923",379,4),("pede@Duis.edu","BEDKM715",380,1);
INSERT INTO `user` (`email`,`password`,`id_employe`,`id_role`) VALUES ("et.eros@massarutrummagna.com","PXIDR322",381,3),("Quisque.ornare.tortor@leoCrasvehicula.ca","CFGDS794",382,2),("sed.consequat.auctor@lectus.net","TXJNZ583",383,1),("vel.sapien@cursusvestibulumMauris.edu","XYUYB633",384,2),("sed.tortor@urnanecluctus.edu","VDGYO516",385,2),("Vivamus.non@necmollis.net","YKVJW862",386,3),("placerat.Cras.dictum@Vivamusnon.ca","BBXHY464",387,3),("elit@Maecenasmifelis.com","CWKXY400",388,4),("ac.mattis.velit@magna.org","GBLON435",389,4),("id@tincidunt.net","OVWYW409",390,1);
INSERT INTO `user` (`email`,`password`,`id_employe`,`id_role`) VALUES ("adipiscing.elit.Etiam@duiquisaccumsan.ca","NEEWB397",391,4),("Vivamus.nisi@dolorsit.ca","YKXMD447",392,1),("gravida.Praesent.eu@Etiam.com","FLMBW064",393,2),("Morbi@ullamcorper.com","OQIEC052",394,4),("Curabitur.vel.lectus@cursusa.com","NWOZV922",395,4),("elit.fermentum@morbitristiquesenectus.org","JWEFS825",396,2),("Fusce.mollis@risusQuisquelibero.edu","ELJNL581",397,2),("nonummy.ultricies.ornare@nectempus.edu","EJRBM728",398,1),("risus@Cumsociis.co.uk","ISUTC750",399,3),("Mauris.vestibulum@facilisi.edu","MKKCX299",400,4);
COMMIT;



SET AUTOCOMMIT=0;
INSERT INTO `absence` (`debut`,`fin`,`id_employe`,`id_type`,`id_statut`,`id_service_rh`) VALUES ("2016-03-30","2015-09-23",17,2,1,2),("2015-08-20","2016-08-31",224,2,3,4),("2015-09-12","2016-12-31",395,3,3,1),("2016-09-21","2015-06-07",20,4,4,3),("2016-10-25","2017-01-18",162,5,6,1),("2016-09-25","2015-10-08",31,4,5,4),("2017-03-14","2015-02-27",129,4,5,2),("2017-08-04","2017-12-10",292,5,2,2),("2015-10-30","2015-05-07",135,1,6,1),("2016-07-19","2017-10-10",175,5,3,2);
INSERT INTO `absence` (`debut`,`fin`,`id_employe`,`id_type`,`id_statut`,`id_service_rh`) VALUES ("2016-10-22","2017-01-01",357,6,3,4),("2017-06-07","2017-03-09",289,6,4,3),("2015-08-16","2016-03-03",258,6,2,2),("2017-09-08","2016-09-07",349,4,6,3),("2016-01-02","2016-07-18",308,5,3,2),("2016-02-12","2016-02-02",339,2,5,4),("2017-12-26","2016-10-04",73,2,3,3),("2017-11-03","2017-04-13",275,4,3,4),("2015-10-10","2015-06-27",320,4,1,4),("2016-03-03","2016-09-06",42,1,6,1);
INSERT INTO `absence` (`debut`,`fin`,`id_employe`,`id_type`,`id_statut`,`id_service_rh`) VALUES ("2016-05-14","2015-07-14",157,4,5,2),("2015-02-27","2017-06-14",210,4,6,1),("2015-07-17","2017-04-04",393,4,3,4),("2016-04-10","2017-05-12",161,6,3,4),("2017-01-02","2016-10-05",317,5,1,1),("2015-02-08","2016-09-19",40,6,3,3),("2017-01-13","2016-06-01",239,2,2,3),("2016-11-05","2017-10-05",71,4,1,3),("2016-07-06","2017-12-15",77,4,4,2),("2017-10-02","2017-11-15",4,5,2,2);
INSERT INTO `absence` (`debut`,`fin`,`id_employe`,`id_type`,`id_statut`,`id_service_rh`) VALUES ("2017-02-24","2016-11-27",34,6,3,1),("2016-09-25","2016-03-26",114,3,2,1),("2015-01-20","2015-04-27",189,2,5,3),("2015-02-04","2016-10-17",244,6,3,4),("2015-06-16","2017-05-17",324,1,5,4),("2017-03-29","2017-03-02",173,4,1,3),("2015-02-11","2017-12-13",343,3,2,3),("2016-01-09","2015-08-05",321,6,6,2),("2015-10-01","2015-02-05",4,3,4,1),("2016-10-15","2015-12-13",142,2,5,4);
INSERT INTO `absence` (`debut`,`fin`,`id_employe`,`id_type`,`id_statut`,`id_service_rh`) VALUES ("2015-11-21","2015-03-13",151,4,1,1),("2016-11-02","2016-05-07",91,5,5,4),("2017-07-27","2016-01-30",254,6,2,4),("2017-05-21","2015-10-21",248,4,5,1),("2015-05-26","2017-05-05",381,4,2,3),("2017-07-22","2015-09-22",78,3,1,4),("2017-05-10","2016-07-06",304,3,3,2),("2017-10-03","2017-11-26",34,5,5,1),("2015-10-04","2017-05-29",247,2,1,4),("2015-02-09","2015-06-19",209,3,2,2);
INSERT INTO `absence` (`debut`,`fin`,`id_employe`,`id_type`,`id_statut`,`id_service_rh`) VALUES ("2017-08-18","2017-06-30",29,4,3,4),("2015-05-16","2015-06-25",34,3,5,4),("2017-11-10","2017-11-10",81,4,2,4),("2016-05-13","2017-12-18",33,4,4,4),("2016-12-15","2017-10-03",259,5,4,2),("2016-02-10","2015-04-02",191,2,3,3),("2015-01-05","2016-11-24",15,5,6,1),("2016-01-14","2016-10-11",240,4,4,2),("2016-01-24","2016-07-15",371,3,5,4),("2015-07-20","2015-11-02",207,3,4,1);
INSERT INTO `absence` (`debut`,`fin`,`id_employe`,`id_type`,`id_statut`,`id_service_rh`) VALUES ("2017-01-05","2016-04-02",249,4,6,1),("2016-03-26","2017-09-10",375,6,6,3),("2016-12-11","2017-09-11",320,5,2,2),("2015-06-03","2017-10-05",130,1,3,3),("2017-09-16","2017-11-18",66,1,6,2),("2016-10-26","2017-08-09",292,6,3,2),("2016-01-09","2016-03-26",384,1,6,1),("2016-03-13","2015-05-22",129,5,3,1),("2017-04-18","2016-09-20",395,3,4,3),("2015-09-23","2017-09-19",98,1,6,3);
INSERT INTO `absence` (`debut`,`fin`,`id_employe`,`id_type`,`id_statut`,`id_service_rh`) VALUES ("2015-05-26","2016-03-26",347,1,3,1),("2015-02-02","2017-08-15",321,3,5,4),("2015-09-11","2017-09-28",225,4,1,2),("2017-08-10","2015-10-29",259,4,4,3),("2015-08-11","2016-07-27",47,4,5,4),("2015-11-23","2017-04-21",280,5,5,2),("2017-07-17","2016-05-27",266,3,4,2),("2016-11-01","2016-09-06",286,2,4,2),("2015-09-25","2017-04-27",57,3,2,2),("2016-11-07","2016-10-23",235,3,2,1);
INSERT INTO `absence` (`debut`,`fin`,`id_employe`,`id_type`,`id_statut`,`id_service_rh`) VALUES ("2017-01-27","2015-09-29",246,1,6,3),("2015-06-26","2017-02-25",319,6,3,1),("2016-12-22","2015-04-25",339,2,1,4),("2017-02-18","2017-04-20",22,1,3,1),("2017-09-23","2015-11-06",315,3,6,3),("2015-01-02","2016-03-06",153,1,6,1),("2017-02-28","2017-04-09",367,3,2,3),("2015-04-02","2015-07-27",287,5,2,2),("2015-06-09","2017-05-17",16,5,5,4),("2015-03-22","2016-02-29",1,2,6,2);
INSERT INTO `absence` (`debut`,`fin`,`id_employe`,`id_type`,`id_statut`,`id_service_rh`) VALUES ("2015-03-01","2017-01-16",263,6,2,1),("2017-06-14","2015-06-12",130,3,6,3),("2016-06-20","2017-11-06",356,6,3,1),("2015-10-29","2015-09-24",361,6,6,2),("2016-06-04","2017-05-04",217,5,6,2),("2017-09-05","2015-05-14",353,5,4,3),("2015-07-14","2015-03-20",227,4,6,4),("2017-03-25","2015-10-05",363,6,6,3),("2016-02-08","2015-04-06",30,4,3,4),("2016-03-11","2015-01-09",127,1,4,4);
INSERT INTO `absence` (`debut`,`fin`,`id_employe`,`id_type`,`id_statut`,`id_service_rh`) VALUES ("2017-03-25","2015-01-06",364,5,6,1),("2016-12-03","2015-01-16",49,6,1,1),("2017-02-23","2016-11-14",367,2,1,3),("2016-05-10","2016-06-07",390,5,4,3),("2017-10-02","2016-05-23",123,2,5,3),("2016-11-14","2016-03-30",17,5,6,2),("2017-02-04","2016-03-28",357,4,4,1),("2015-01-29","2017-03-30",53,1,1,2),("2017-07-24","2016-03-30",119,2,1,4),("2016-06-28","2015-10-31",276,2,5,4);
INSERT INTO `absence` (`debut`,`fin`,`id_employe`,`id_type`,`id_statut`,`id_service_rh`) VALUES ("2017-05-26","2015-09-12",74,5,3,4),("2017-02-02","2015-07-15",11,4,5,3),("2017-05-08","2017-06-04",45,6,5,3),("2015-02-28","2015-05-01",355,1,3,1),("2015-01-27","2017-09-01",180,6,2,2),("2016-07-13","2016-09-08",111,1,2,2),("2015-04-09","2016-12-14",285,6,5,2),("2016-10-06","2016-06-15",70,4,2,2),("2015-10-04","2015-08-03",280,4,4,4),("2015-10-26","2015-07-22",64,5,3,4);
INSERT INTO `absence` (`debut`,`fin`,`id_employe`,`id_type`,`id_statut`,`id_service_rh`) VALUES ("2015-01-16","2015-08-22",366,5,4,1),("2015-01-20","2016-06-04",136,2,4,1),("2017-04-23","2015-05-13",372,4,6,4),("2015-07-24","2017-02-02",183,5,3,4),("2015-07-16","2015-05-23",346,1,6,2),("2015-11-04","2016-06-21",155,6,5,4),("2015-04-21","2017-07-12",394,1,1,3),("2016-06-16","2017-02-09",86,3,1,1),("2017-04-05","2016-04-01",217,5,3,1),("2017-09-09","2016-02-11",370,2,1,2);
INSERT INTO `absence` (`debut`,`fin`,`id_employe`,`id_type`,`id_statut`,`id_service_rh`) VALUES ("2015-09-08","2016-03-09",110,4,3,1),("2016-08-25","2016-09-02",258,2,6,1),("2016-10-08","2016-04-15",327,5,2,3),("2017-05-17","2017-09-06",371,5,5,3),("2016-01-08","2017-11-17",219,2,6,2),("2017-07-11","2017-04-28",345,4,2,1),("2015-07-22","2015-07-08",173,6,6,1),("2016-08-27","2017-09-06",333,6,1,3),("2017-03-25","2015-10-21",31,6,4,3),("2017-08-21","2016-12-22",15,2,1,4);
INSERT INTO `absence` (`debut`,`fin`,`id_employe`,`id_type`,`id_statut`,`id_service_rh`) VALUES ("2015-03-29","2017-02-02",150,6,6,3),("2017-01-14","2017-05-06",127,3,4,2),("2015-03-05","2016-06-17",199,3,5,1),("2017-05-16","2017-02-12",94,6,3,4),("2015-03-13","2016-11-21",147,4,3,2),("2017-11-26","2017-11-01",88,1,3,3),("2016-09-10","2016-08-27",270,2,5,1),("2015-03-16","2017-01-16",336,6,3,1),("2015-06-19","2017-01-28",316,2,3,2),("2015-08-09","2016-11-26",334,6,3,1);
INSERT INTO `absence` (`debut`,`fin`,`id_employe`,`id_type`,`id_statut`,`id_service_rh`) VALUES ("2015-03-01","2015-05-19",39,4,5,1),("2017-12-12","2015-11-08",334,5,1,2),("2017-04-30","2015-01-07",304,5,5,4),("2015-12-19","2015-04-20",85,2,2,4),("2016-05-29","2017-10-01",160,3,3,4),("2015-09-18","2016-04-04",280,5,3,2),("2017-09-19","2016-12-16",295,2,4,4),("2017-09-20","2015-10-30",275,2,3,2),("2015-10-10","2015-07-18",90,4,3,2),("2015-10-18","2017-06-22",260,5,5,4);
INSERT INTO `absence` (`debut`,`fin`,`id_employe`,`id_type`,`id_statut`,`id_service_rh`) VALUES ("2015-10-08","2015-05-20",149,3,1,4),("2017-09-26","2015-11-10",236,3,6,4),("2016-07-19","2016-10-19",335,6,2,2),("2015-01-10","2017-07-14",288,6,6,2),("2015-09-09","2017-09-01",216,6,3,1),("2015-08-26","2015-05-22",196,5,4,4),("2015-11-04","2015-09-12",287,5,4,4),("2016-09-12","2017-10-23",109,1,2,2),("2015-01-09","2017-07-27",223,2,2,4),("2016-04-18","2017-10-23",10,5,1,4);
INSERT INTO `absence` (`debut`,`fin`,`id_employe`,`id_type`,`id_statut`,`id_service_rh`) VALUES ("2016-08-21","2015-03-19",257,2,2,1),("2015-05-04","2015-09-08",20,1,4,1),("2017-02-14","2016-09-04",342,5,3,3),("2016-08-25","2015-08-29",98,1,2,1),("2015-07-17","2017-05-27",224,6,6,3),("2016-07-20","2015-12-06",59,1,4,1),("2016-11-27","2017-01-24",77,4,6,1),("2016-08-26","2016-10-02",233,1,5,4),("2017-07-14","2016-01-28",233,2,5,3),("2017-05-11","2015-11-07",32,5,2,4);
INSERT INTO `absence` (`debut`,`fin`,`id_employe`,`id_type`,`id_statut`,`id_service_rh`) VALUES ("2015-02-19","2015-03-25",201,3,4,2),("2016-03-16","2016-03-28",83,5,2,2),("2017-04-28","2016-07-24",370,1,4,1),("2015-04-07","2015-12-04",161,2,3,1),("2015-08-04","2015-07-27",182,3,3,2),("2016-10-13","2017-10-01",33,3,3,1),("2016-11-29","2016-10-20",28,4,3,2),("2015-09-19","2017-04-25",213,1,4,4),("2015-12-01","2015-07-01",84,1,4,2),("2015-12-13","2017-01-25",329,1,6,3);
INSERT INTO `absence` (`debut`,`fin`,`id_employe`,`id_type`,`id_statut`,`id_service_rh`) VALUES ("2017-11-06","2016-08-06",268,1,1,2),("2017-12-03","2017-11-17",206,3,2,4),("2015-02-26","2016-06-10",350,1,3,3),("2016-03-08","2017-08-18",7,2,5,3),("2015-06-18","2016-11-24",77,1,3,1),("2016-12-03","2017-08-07",157,4,6,4),("2017-11-03","2017-03-14",274,6,2,2),("2016-07-26","2015-11-02",383,2,2,1),("2015-04-04","2016-01-20",238,5,3,3),("2015-12-18","2017-01-19",302,4,2,2);
INSERT INTO `absence` (`debut`,`fin`,`id_employe`,`id_type`,`id_statut`,`id_service_rh`) VALUES ("2015-01-05","2015-08-23",234,2,2,4),("2017-10-02","2016-04-16",257,3,1,2),("2016-01-15","2017-06-17",342,2,2,3),("2017-09-22","2016-02-10",4,6,4,4),("2017-09-18","2017-01-17",44,1,6,1),("2017-12-07","2015-11-17",292,5,1,4),("2017-04-02","2016-05-16",382,3,6,4),("2017-04-14","2017-11-03",105,2,6,1),("2015-02-26","2015-10-21",199,6,3,4),("2017-09-30","2016-12-12",298,5,1,3);
INSERT INTO `absence` (`debut`,`fin`,`id_employe`,`id_type`,`id_statut`,`id_service_rh`) VALUES ("2016-11-05","2015-11-02",169,2,3,1),("2016-07-16","2017-06-02",40,2,6,1),("2017-04-15","2016-10-11",349,4,4,4),("2016-04-07","2015-02-15",274,2,1,4),("2015-06-29","2017-03-01",174,5,1,4),("2016-11-10","2017-10-23",97,5,1,1),("2017-09-26","2017-10-27",3,3,5,2),("2017-10-20","2017-04-02",118,1,5,2),("2017-08-23","2016-03-11",163,3,1,4),("2017-10-26","2017-03-06",336,6,6,2);
INSERT INTO `absence` (`debut`,`fin`,`id_employe`,`id_type`,`id_statut`,`id_service_rh`) VALUES ("2017-11-17","2016-09-08",344,4,4,1),("2017-12-18","2015-10-26",374,4,6,4),("2015-04-02","2016-02-14",378,2,6,2),("2016-01-20","2015-07-12",200,4,1,4),("2017-11-19","2017-10-18",50,2,4,4),("2015-12-05","2015-07-31",334,4,3,3),("2015-09-14","2016-07-17",266,2,2,1),("2017-11-19","2017-08-25",109,3,2,4),("2017-12-20","2015-11-21",288,4,1,3),("2015-01-01","2017-10-23",50,2,6,1);
INSERT INTO `absence` (`debut`,`fin`,`id_employe`,`id_type`,`id_statut`,`id_service_rh`) VALUES ("2015-01-10","2017-04-02",224,1,2,1),("2015-05-06","2015-12-17",289,4,3,1),("2017-05-31","2015-05-07",32,1,4,1),("2015-01-15","2016-03-03",177,5,4,1),("2017-05-21","2015-12-04",379,1,2,4),("2015-10-23","2015-08-05",324,6,3,2),("2017-02-10","2016-03-31",240,2,6,2),("2015-03-17","2016-10-31",320,3,4,2),("2017-06-22","2015-12-25",316,1,6,3),("2016-04-17","2015-11-27",106,3,2,2);
INSERT INTO `absence` (`debut`,`fin`,`id_employe`,`id_type`,`id_statut`,`id_service_rh`) VALUES ("2016-10-25","2016-11-01",133,5,3,1),("2015-04-16","2015-12-16",369,1,6,4),("2017-12-03","2017-08-15",357,1,5,4),("2017-11-21","2016-04-16",300,6,2,2),("2017-03-29","2015-05-20",3,3,2,4),("2016-04-12","2015-02-14",350,1,4,2),("2015-06-26","2016-03-15",399,2,6,4),("2017-03-29","2015-06-26",82,2,5,1),("2015-04-10","2017-07-24",278,4,2,1),("2015-04-19","2017-12-01",220,4,3,2);
INSERT INTO `absence` (`debut`,`fin`,`id_employe`,`id_type`,`id_statut`,`id_service_rh`) VALUES ("2015-02-16","2017-06-16",71,5,5,4),("2016-11-01","2016-06-14",279,1,6,2),("2016-12-12","2015-01-22",243,4,5,4),("2017-01-13","2016-02-20",114,5,4,3),("2017-11-24","2016-12-02",356,4,4,2),("2015-04-24","2015-09-26",67,2,6,2),("2017-12-26","2016-07-05",111,4,4,3),("2016-10-05","2015-07-27",145,3,2,2),("2015-07-12","2017-06-15",320,1,3,1),("2015-07-25","2016-05-10",344,2,3,3);
INSERT INTO `absence` (`debut`,`fin`,`id_employe`,`id_type`,`id_statut`,`id_service_rh`) VALUES ("2017-08-30","2016-12-17",302,4,2,3),("2017-02-27","2015-10-10",144,1,5,4),("2016-07-24","2015-08-01",66,4,1,2),("2017-11-08","2015-02-26",174,1,1,1),("2017-01-03","2016-12-11",315,4,6,3),("2016-06-16","2015-12-25",343,6,4,2),("2015-10-16","2016-07-04",237,4,4,3),("2015-06-23","2015-03-17",50,5,5,1),("2015-12-25","2016-05-05",71,6,4,2),("2017-07-15","2017-07-08",36,4,2,1);
INSERT INTO `absence` (`debut`,`fin`,`id_employe`,`id_type`,`id_statut`,`id_service_rh`) VALUES ("2015-09-17","2015-12-12",11,1,2,1),("2015-01-08","2017-10-04",283,3,2,4),("2016-08-08","2015-02-08",76,1,2,4),("2016-11-23","2017-09-20",318,1,5,4),("2016-03-04","2015-07-17",132,2,2,3),("2017-07-31","2017-12-29",314,1,4,1),("2017-01-06","2016-03-23",385,1,4,3),("2016-05-06","2016-04-21",138,6,6,3),("2017-02-03","2016-08-12",186,3,5,3),("2016-02-23","2015-05-13",95,1,5,3);
INSERT INTO `absence` (`debut`,`fin`,`id_employe`,`id_type`,`id_statut`,`id_service_rh`) VALUES ("2017-04-16","2015-08-30",79,1,6,2),("2016-07-13","2016-09-04",29,3,3,4),("2015-01-23","2017-07-07",291,3,2,2),("2015-09-11","2017-01-29",56,2,5,4),("2017-10-27","2016-04-29",371,3,2,1),("2017-01-03","2015-04-02",251,3,1,4),("2016-06-27","2015-03-24",65,3,5,4),("2015-07-28","2015-09-14",42,2,3,4),("2017-11-08","2017-10-06",332,5,3,1),("2015-10-22","2015-03-17",248,6,3,2);
INSERT INTO `absence` (`debut`,`fin`,`id_employe`,`id_type`,`id_statut`,`id_service_rh`) VALUES ("2017-04-07","2017-09-02",180,2,4,3),("2015-11-29","2015-09-13",330,4,5,1),("2016-05-17","2015-08-13",393,5,6,2),("2015-10-30","2017-07-28",165,5,5,1),("2016-11-16","2017-06-20",199,2,2,2),("2017-11-28","2015-10-07",332,5,2,3),("2016-11-30","2015-09-19",202,3,6,4),("2017-05-12","2017-12-07",68,5,2,2),("2015-06-13","2015-09-23",92,6,4,4),("2015-08-29","2015-01-11",345,5,4,4);
INSERT INTO `absence` (`debut`,`fin`,`id_employe`,`id_type`,`id_statut`,`id_service_rh`) VALUES ("2017-09-10","2016-03-22",226,4,4,3),("2017-08-21","2015-09-15",231,6,2,1),("2017-07-26","2016-11-09",365,2,4,1),("2017-11-07","2016-10-16",386,3,4,3),("2015-04-13","2017-10-24",301,2,3,4),("2016-06-30","2017-04-01",178,4,5,4),("2016-01-09","2016-04-09",232,6,3,3),("2016-06-27","2016-01-31",81,2,2,3),("2015-08-08","2016-11-25",17,5,2,4),("2016-11-22","2016-08-13",74,6,4,1);
INSERT INTO `absence` (`debut`,`fin`,`id_employe`,`id_type`,`id_statut`,`id_service_rh`) VALUES ("2017-04-29","2015-05-22",316,6,5,4),("2016-10-07","2017-02-26",148,5,3,2),("2016-01-21","2017-01-22",274,3,4,4),("2017-04-07","2016-08-31",282,3,2,3),("2017-09-03","2016-07-11",312,4,6,4),("2015-01-25","2016-01-02",337,3,6,1),("2015-04-04","2015-08-28",92,5,5,1),("2016-08-13","2017-11-13",109,3,2,2),("2017-02-20","2015-09-12",44,2,3,1),("2015-02-11","2017-04-18",308,5,1,4);
INSERT INTO `absence` (`debut`,`fin`,`id_employe`,`id_type`,`id_statut`,`id_service_rh`) VALUES ("2016-01-03","2016-02-11",154,3,1,3),("2016-06-03","2017-07-04",226,3,2,2),("2017-09-20","2016-12-13",247,3,1,1),("2016-09-03","2017-07-18",91,2,3,4),("2016-12-10","2017-08-29",352,4,6,4),("2016-07-14","2015-08-20",35,2,6,2),("2017-09-13","2017-05-09",376,3,4,4),("2016-12-12","2015-05-22",265,1,3,1),("2016-02-18","2017-08-07",269,3,1,1),("2016-03-31","2017-06-29",225,2,4,3);
INSERT INTO `absence` (`debut`,`fin`,`id_employe`,`id_type`,`id_statut`,`id_service_rh`) VALUES ("2016-10-08","2015-08-08",199,3,6,1),("2017-01-15","2016-01-02",228,1,3,2),("2016-10-05","2015-08-06",25,4,2,2),("2016-10-05","2017-05-09",100,2,3,1),("2015-09-10","2016-09-04",67,5,5,3),("2015-04-20","2017-07-24",351,6,1,1),("2017-09-05","2017-03-15",77,6,3,4),("2015-07-13","2015-01-03",230,3,6,3),("2015-08-21","2015-06-18",183,5,3,3),("2016-05-31","2015-01-12",379,4,6,1);
INSERT INTO `absence` (`debut`,`fin`,`id_employe`,`id_type`,`id_statut`,`id_service_rh`) VALUES ("2017-01-23","2016-09-17",367,1,3,2),("2015-09-26","2016-03-22",217,1,4,4),("2017-05-21","2016-08-13",353,3,2,4),("2016-08-15","2016-03-28",310,4,4,1),("2017-01-06","2016-02-28",344,2,6,1),("2015-05-24","2016-07-31",389,5,1,2),("2016-01-11","2016-06-27",26,4,3,4),("2017-01-16","2015-08-02",175,2,6,3),("2017-03-31","2015-12-15",254,5,5,2),("2015-02-12","2016-10-23",277,4,3,1);
INSERT INTO `absence` (`debut`,`fin`,`id_employe`,`id_type`,`id_statut`,`id_service_rh`) VALUES ("2015-11-27","2016-05-30",363,6,5,1),("2017-12-30","2016-08-30",299,1,6,3),("2016-08-20","2017-05-24",250,5,5,4),("2016-12-10","2017-09-29",156,4,1,3),("2017-04-13","2017-01-29",392,5,6,1),("2016-05-18","2017-03-08",112,1,3,1),("2015-05-12","2016-07-22",329,4,5,3),("2016-02-14","2016-11-17",53,4,1,2),("2017-12-03","2016-06-19",186,6,4,3),("2017-05-19","2017-02-21",19,3,3,1);
INSERT INTO `absence` (`debut`,`fin`,`id_employe`,`id_type`,`id_statut`,`id_service_rh`) VALUES ("2015-11-29","2015-09-02",163,3,3,4),("2017-07-20","2017-01-10",198,3,5,3),("2017-03-17","2015-04-30",125,6,2,2),("2015-01-01","2017-08-11",385,4,5,3),("2017-06-23","2016-05-21",398,2,2,2),("2017-06-17","2016-11-20",167,1,2,1),("2016-12-24","2016-11-08",176,3,4,1),("2016-07-08","2015-01-28",270,5,1,1),("2017-06-11","2016-01-24",149,2,1,2),("2016-01-14","2016-09-20",15,4,4,4);
INSERT INTO `absence` (`debut`,`fin`,`id_employe`,`id_type`,`id_statut`,`id_service_rh`) VALUES ("2017-05-09","2017-04-18",91,3,2,1),("2015-05-17","2016-05-26",232,5,1,3),("2015-06-03","2016-05-03",388,1,1,2),("2017-05-11","2015-11-30",21,1,3,2),("2016-10-04","2015-12-18",328,4,6,3),("2017-10-15","2015-06-16",392,1,4,1),("2015-07-13","2015-05-16",1,4,5,1),("2015-02-27","2015-12-23",62,1,1,1),("2015-06-23","2017-07-06",198,4,1,4),("2016-09-15","2017-04-29",186,5,3,3);
INSERT INTO `absence` (`debut`,`fin`,`id_employe`,`id_type`,`id_statut`,`id_service_rh`) VALUES ("2015-10-25","2016-07-27",238,5,6,4),("2015-11-11","2016-10-01",139,6,6,3),("2015-09-08","2016-08-25",357,2,3,1),("2017-06-01","2015-05-18",91,2,4,2),("2015-01-23","2017-02-26",361,6,2,1),("2017-12-18","2015-02-02",392,5,5,1),("2015-10-15","2016-12-31",40,3,1,3),("2015-03-14","2017-11-21",341,1,1,2),("2016-07-05","2016-01-19",45,5,3,1),("2017-07-04","2015-03-21",269,2,1,1);
INSERT INTO `absence` (`debut`,`fin`,`id_employe`,`id_type`,`id_statut`,`id_service_rh`) VALUES ("2015-02-17","2015-09-25",217,6,4,4),("2017-07-31","2017-06-30",151,6,5,1),("2017-02-23","2016-09-14",113,2,3,1),("2017-09-27","2017-04-03",353,4,1,1),("2017-05-03","2015-11-17",111,6,6,3),("2016-10-27","2015-11-13",81,3,4,3),("2017-06-28","2017-05-08",1,4,6,2),("2017-06-02","2017-07-13",325,1,3,1),("2017-08-12","2016-10-18",197,1,6,1),("2016-08-09","2015-11-22",288,5,2,4);
INSERT INTO `absence` (`debut`,`fin`,`id_employe`,`id_type`,`id_statut`,`id_service_rh`) VALUES ("2016-02-09","2017-05-29",379,5,4,4),("2017-08-16","2016-06-08",53,2,6,4),("2017-06-29","2015-09-07",359,3,3,2),("2017-11-29","2017-03-03",130,5,6,1),("2016-03-04","2015-03-01",273,5,6,1),("2016-05-31","2017-03-25",14,4,2,1),("2016-01-24","2015-04-29",19,3,6,3),("2015-04-02","2017-12-14",372,6,6,4),("2017-03-07","2017-06-25",258,6,4,1),("2015-12-01","2017-02-02",20,5,1,3);
INSERT INTO `absence` (`debut`,`fin`,`id_employe`,`id_type`,`id_statut`,`id_service_rh`) VALUES ("2015-10-16","2016-11-26",237,4,4,1),("2017-09-29","2015-11-01",251,4,3,4),("2015-11-27","2015-12-11",246,2,4,2),("2015-07-16","2015-11-20",260,5,2,2),("2017-12-29","2015-10-03",71,5,6,4),("2016-09-23","2015-02-09",225,4,1,4),("2017-12-04","2016-10-02",232,5,6,3),("2015-11-02","2015-03-31",53,3,2,2),("2016-10-09","2017-02-26",351,2,5,3),("2016-07-24","2016-02-22",18,3,3,1);
INSERT INTO `absence` (`debut`,`fin`,`id_employe`,`id_type`,`id_statut`,`id_service_rh`) VALUES ("2015-10-20","2017-02-23",312,6,3,1),("2016-06-20","2017-12-06",258,5,3,4),("2017-10-23","2016-07-21",67,4,5,1),("2015-02-25","2016-09-18",46,1,5,4),("2017-08-25","2017-05-29",12,3,3,2),("2015-06-01","2016-03-06",376,3,3,4),("2015-02-02","2015-03-13",294,3,1,3),("2016-11-01","2015-01-29",260,6,1,3),("2015-11-28","2015-04-10",203,4,5,1),("2017-03-07","2015-10-20",123,4,5,2);
INSERT INTO `absence` (`debut`,`fin`,`id_employe`,`id_type`,`id_statut`,`id_service_rh`) VALUES ("2016-10-24","2017-07-26",246,5,2,2),("2016-03-05","2017-11-21",89,5,1,1),("2017-08-02","2016-04-19",335,2,3,1),("2015-08-25","2016-02-02",85,1,4,4),("2015-10-20","2016-05-21",370,4,2,3),("2016-02-08","2015-05-31",284,6,2,1),("2017-04-12","2017-02-12",12,2,3,1),("2017-09-25","2017-09-10",272,2,1,3),("2017-04-20","2016-12-20",193,5,2,4),("2015-03-26","2015-09-05",158,5,2,2);
INSERT INTO `absence` (`debut`,`fin`,`id_employe`,`id_type`,`id_statut`,`id_service_rh`) VALUES ("2017-11-02","2016-02-29",238,2,6,2),("2015-07-14","2017-04-20",233,3,5,2),("2017-04-24","2016-07-01",206,6,6,1),("2015-05-05","2015-10-23",7,1,4,2),("2017-08-19","2017-05-14",162,1,4,4),("2016-04-20","2017-11-26",10,3,5,1),("2015-08-27","2015-01-05",258,6,6,3),("2017-09-22","2016-03-28",379,5,2,1),("2015-08-20","2015-11-25",370,1,5,2),("2017-02-06","2016-08-18",234,3,3,4);
INSERT INTO `absence` (`debut`,`fin`,`id_employe`,`id_type`,`id_statut`,`id_service_rh`) VALUES ("2017-08-26","2016-03-04",30,4,3,4),("2017-11-13","2017-09-15",128,4,4,1),("2017-05-23","2017-09-01",307,3,4,4),("2015-07-02","2016-05-22",377,4,5,3),("2017-06-27","2017-08-19",92,4,2,1),("2017-07-31","2017-12-01",74,5,4,1),("2017-03-18","2017-11-14",6,2,5,3),("2015-03-12","2016-07-04",8,2,5,1),("2017-01-18","2017-06-26",224,6,3,1),("2015-08-22","2017-09-26",53,4,3,4);
INSERT INTO `absence` (`debut`,`fin`,`id_employe`,`id_type`,`id_statut`,`id_service_rh`) VALUES ("2017-12-20","2017-02-21",224,4,3,3),("2016-10-26","2017-07-14",129,1,6,1),("2016-01-06","2017-12-04",228,6,3,1),("2015-09-18","2015-12-17",341,5,3,1),("2016-04-13","2015-12-11",176,6,4,2),("2015-12-14","2017-10-02",324,6,5,3),("2017-03-14","2015-12-23",165,1,2,4),("2015-06-12","2016-12-24",385,1,3,4),("2016-07-16","2016-12-17",19,3,4,3),("2016-11-15","2016-02-22",303,1,1,1);
INSERT INTO `absence` (`debut`,`fin`,`id_employe`,`id_type`,`id_statut`,`id_service_rh`) VALUES ("2016-12-15","2017-04-22",53,1,6,3),("2017-03-31","2017-04-16",267,2,4,3),("2016-10-01","2015-12-12",304,1,6,1),("2015-08-27","2015-06-24",253,3,4,1),("2015-05-20","2015-11-29",73,1,4,2),("2017-12-08","2017-11-09",167,6,2,4),("2016-06-08","2016-02-02",1,1,6,2),("2015-08-16","2016-05-12",31,3,4,4),("2017-04-21","2017-02-26",360,6,2,3),("2017-02-04","2016-03-18",46,6,2,4);
INSERT INTO `absence` (`debut`,`fin`,`id_employe`,`id_type`,`id_statut`,`id_service_rh`) VALUES ("2016-03-10","2016-02-16",108,5,3,2),("2015-03-19","2016-05-22",9,6,1,1),("2016-08-07","2015-01-11",229,3,1,4),("2017-01-20","2017-01-10",321,3,5,1),("2017-11-07","2017-12-11",241,3,6,2),("2015-06-27","2016-11-25",17,4,4,1),("2017-01-28","2017-08-05",23,4,5,3),("2017-07-20","2015-11-28",83,4,4,1),("2016-11-05","2017-01-14",317,5,1,4),("2017-03-14","2015-05-13",392,1,5,2);
INSERT INTO `absence` (`debut`,`fin`,`id_employe`,`id_type`,`id_statut`,`id_service_rh`) VALUES ("2015-03-02","2016-01-24",304,2,4,1),("2015-05-12","2016-12-17",35,5,1,1),("2017-04-18","2016-02-09",59,5,3,4),("2016-06-14","2017-08-29",26,6,3,4),("2017-05-25","2017-02-25",179,5,2,2),("2017-08-14","2016-07-10",396,4,5,1),("2015-12-22","2017-07-23",2,3,1,3),("2016-09-10","2017-07-11",150,5,1,4),("2015-03-06","2017-10-22",396,2,1,3),("2015-04-10","2015-08-17",319,2,1,2);
COMMIT;
