-- MySQL Script generated by MySQL Workbench
-- Thu May 11 10:51:47 2017
-- Model: New Model    Version: 1.0
-- MySQL Workbench Forward Engineering

SET @OLD_UNIQUE_CHECKS=@@UNIQUE_CHECKS, UNIQUE_CHECKS=0;
SET @OLD_FOREIGN_KEY_CHECKS=@@FOREIGN_KEY_CHECKS, FOREIGN_KEY_CHECKS=0;
SET @OLD_SQL_MODE=@@SQL_MODE, SQL_MODE='TRADITIONAL,ALLOW_INVALID_DATES';

-- -----------------------------------------------------
-- Schema GestAbsences
-- -----------------------------------------------------
DROP SCHEMA IF EXISTS `GestAbsences` ;

-- -----------------------------------------------------
-- Schema GestAbsences
-- -----------------------------------------------------
CREATE SCHEMA IF NOT EXISTS `GestAbsences` DEFAULT CHARACTER SET utf8 ;
USE `GestAbsences` ;

-- -----------------------------------------------------
-- Table `GestAbsences`.`equipe`
-- -----------------------------------------------------
DROP TABLE IF EXISTS `GestAbsences`.`equipe` ;

CREATE TABLE IF NOT EXISTS `GestAbsences`.`equipe` (
  `id` INT NOT NULL AUTO_INCREMENT,
  `nom` VARCHAR(100) NULL,
  `id_responsable` INT NULL,
  `id_hierarchie` INT NULL,
  PRIMARY KEY (`id`),
  INDEX `fk_equipes_equipe_idx` (`id_hierarchie` ASC),
  INDEX `fk_equipes_employe_idx` (`id_responsable` ASC))
ENGINE = InnoDB;


-- -----------------------------------------------------
-- Table `GestAbsences`.`service_rh`
-- -----------------------------------------------------
DROP TABLE IF EXISTS `GestAbsences`.`service_rh` ;

CREATE TABLE IF NOT EXISTS `GestAbsences`.`service_rh` (
  `id` INT NOT NULL AUTO_INCREMENT,
  `email` VARCHAR(255) NULL,
  `nom` VARCHAR(45) NULL,
  PRIMARY KEY (`id`))
ENGINE = InnoDB;


-- -----------------------------------------------------
-- Table `GestAbsences`.`employe`
-- -----------------------------------------------------
DROP TABLE IF EXISTS `GestAbsences`.`employe` ;

CREATE TABLE IF NOT EXISTS `GestAbsences`.`employe` (
  `id` INT NOT NULL AUTO_INCREMENT,
  `nom` VARCHAR(100) NULL,
  `prenom` VARCHAR(100) NULL,
  `matricule` VARCHAR(45) NULL,
  `nb_cp` INT NULL,
  `nb_rtt` INT NULL,
  `nb_rc` INT NULL,
  `reliquat_ca` INT NULL,
  `reliquat_rtt` INT NULL,
  `id_equipe` INT NULL,
  `id_service_rh` INT NULL,
  PRIMARY KEY (`id`),
  INDEX `fk_employes_equipe_idx` (`id_equipe` ASC),
  INDEX `fk_employes_service_rh_idx` (`id_service_rh` ASC))
ENGINE = InnoDB;


-- -----------------------------------------------------
-- Table `GestAbsences`.`type`
-- -----------------------------------------------------
DROP TABLE IF EXISTS `GestAbsences`.`type` ;

CREATE TABLE IF NOT EXISTS `GestAbsences`.`type` (
  `id` INT NOT NULL AUTO_INCREMENT,
  `nom` VARCHAR(45) NULL,
  PRIMARY KEY (`id`))
ENGINE = InnoDB;


-- -----------------------------------------------------
-- Table `GestAbsences`.`statut`
-- -----------------------------------------------------
DROP TABLE IF EXISTS `GestAbsences`.`statut` ;

CREATE TABLE IF NOT EXISTS `GestAbsences`.`statut` (
  `id` INT NOT NULL AUTO_INCREMENT,
  `nom` VARCHAR(100) NULL,
  `code` INT NULL,
  PRIMARY KEY (`id`))
ENGINE = InnoDB;


-- -----------------------------------------------------
-- Table `GestAbsences`.`absence`
-- -----------------------------------------------------
DROP TABLE IF EXISTS `GestAbsences`.`absence` ;

CREATE TABLE IF NOT EXISTS `GestAbsences`.`absence` (
  `id` INT NOT NULL AUTO_INCREMENT,
  `debut` DATE NULL,
  `fin` DATE NULL,
  `id_employe` INT NULL,
  `id_type` INT NULL,
  `id_statut` INT NULL,
  `id_service_rh` INT NULL,
  PRIMARY KEY (`id`),
  INDEX `fk_absences_employe_idx` (`id_employe` ASC),
  INDEX `fk_absences_type_idx` (`id_type` ASC),
  INDEX `fk_absences_statut_idx` (`id_statut` ASC),
  INDEX `fk_absences_service_rh_idx` (`id_service_rh` ASC))
ENGINE = InnoDB;


-- -----------------------------------------------------
-- Table `GestAbsences`.`role`
-- -----------------------------------------------------
DROP TABLE IF EXISTS `GestAbsences`.`role` ;

CREATE TABLE IF NOT EXISTS `GestAbsences`.`role` (
  `id` INT NOT NULL AUTO_INCREMENT,
  `valeur` INT NULL,
  PRIMARY KEY (`id`))
ENGINE = InnoDB;


-- -----------------------------------------------------
-- Table `GestAbsences`.`user`
-- -----------------------------------------------------
DROP TABLE IF EXISTS `GestAbsences`.`user` ;

CREATE TABLE IF NOT EXISTS `GestAbsences`.`user` (
  `id` INT NOT NULL AUTO_INCREMENT,
  `email` VARCHAR(255) NULL,
  `password` VARCHAR(100) NULL,
  `id_employe` INT NULL,
  `id_role` INT NULL,
  PRIMARY KEY (`id`),
  INDEX `fk_user_employe_idx` (`id_employe` ASC),
  INDEX `fk_users_role_idx` (`id_role` ASC))
ENGINE = InnoDB;


SET SQL_MODE=@OLD_SQL_MODE;
SET FOREIGN_KEY_CHECKS=@OLD_FOREIGN_KEY_CHECKS;
SET UNIQUE_CHECKS=@OLD_UNIQUE_CHECKS;


USE GestAbsences;

SET AUTOCOMMIT=0;
INSERT INTO equipe VALUES (1,'Direction',1,1),(2,'RH',2,2),(3,'Moyens généraux',3,3),(4,'Finance',4,4),(5,'Sce technique',5,5),(6,'Production',6,6),(7,'Commerce',7,7),(8,'Communication',8,8),(9,'Secrétariat',9,1),(10,'Administration',10,1),(11,'Juridique',11,10),(12,'Gouvernance',12,10),(13,'Qualité',13,12),(14,'Stratégie',14,12),(15,'Paye',15,2),(16,'Congés',16,2),(17,'Social',17,2),(18,'Gestion du personnel',18,2),(19,'Vie au travail',19,2),(20,'Assistance sociale',20,17),(21,'Recrutement',21,18),(22,'Discipline',22,18),(23,'Logistique',23,3),(24,'Médecine du travail',24,3),(25,'Gestion client',25,3),(26,'Courrier',26,3),(27,'Restaurant',27,3),(28,'Sécurité',28,25),(29,'Accueil',29,25),(30,'Conciergerie',30,25),(31,'Chauffeur',31,25),(32,'Comptabilité',32,4),(33,'Achat',33,4),(34,'Facturation',34,4),(35,'Trésorerie',35,4),(36,'Contrôle de gestion',36,32),(37,'Synthèse',37,32),(38,'Analytique',38,32),(39,'Recouvrement',39,34),(40,'Maintenance',40,5),(41,'Ingénierie',41,5),(42,'SAV',42,40),(43,'Téléphonie',43,40),(44,'Support informatique',44,40),(45,'Innovation',45,41),(46,'Produit',46,6),(47,'Vente',47,6),(48,'Fabrication',48,46),(49,'Maquette',49,46),(50,'Stock',50,46),(51,'Comptoir',51,47),(52,'Expédition',52,47),(53,'Conditionnement',53,52),(54,'Commercial',54,7),(55,'Marketing',55,7),(56,'Developpement',56,54),(57,'Force de vente',57,54),(58,'Portail',58,55),(59,'Evenementiel',59,8),(60,'Publicité',60,8),(61,'Prospect',61,8);
COMMIT;


SET AUTOCOMMIT=0;
INSERT INTO role VALUES (1,0),(2,1),(3,2),(4,4),(5,8);
COMMIT;


SET AUTOCOMMIT=0;
INSERT INTO service_rh VALUES (1,'sonia.granger@gmail.com','GRANGER'),(2,'tania.suchet@gmail.com','SUCHET'),(3,'yann.lanvin@gmail.com','LANVIN'),(4,'alex.fiston@gmail.com','FISTON');
COMMIT;


SET AUTOCOMMIT=0;
INSERT INTO statut VALUES (1,'Nouvelle demande', 0),(2,'En attente de validation du Responsable', 1),(3,'En attente de décision RH', 2),(4,'Validé', 3),(5,'Refusé par le Responsable', 4),(6,'Refusé par le RH', 5);
COMMIT;


SET AUTOCOMMIT=0;
INSERT INTO type VALUES (1,'Congé payé'),(2,'RTT'),(3,'Repos compensateur'),(4,'Congé maladie'),(5,'Absence irrégulière'),(6,'Autres absences');
COMMIT;

SET AUTOCOMMIT=0;
INSERT INTO `absence` (`debut`,`fin`,`id_employe`,`id_type`,`id_statut`,`id_service_rh`) VALUES ("2015-05-19","2015-10-05",26,3,5,1),("2016-01-30","2015-01-29",9,4,5,1),("2015-08-23","2017-05-30",16,1,2,2),("2016-06-29","2016-12-22",20,5,6,4),("2016-05-11","2016-11-14",12,1,4,2),("2016-04-17","2016-05-23",13,6,1,2),("2016-03-12","2016-09-12",13,6,1,1),("2016-01-25","2015-03-18",18,6,6,1),("2015-07-13","2017-10-17",27,6,1,3),("2016-05-12","2017-10-02",24,5,4,1);
INSERT INTO `absence` (`debut`,`fin`,`id_employe`,`id_type`,`id_statut`,`id_service_rh`) VALUES ("2015-09-02","2016-08-29",30,4,3,2),("2017-07-06","2017-08-14",19,2,6,1),("2016-10-22","2015-09-13",23,6,6,3),("2017-04-07","2015-11-26",1,6,6,3),("2016-07-12","2016-08-30",23,5,4,3),("2015-08-04","2017-01-23",8,5,4,4),("2016-10-17","2015-12-14",4,2,2,3),("2017-10-02","2016-10-21",5,2,1,4),("2015-10-09","2016-05-19",17,6,2,1),("2015-04-21","2015-06-01",8,1,5,2);
INSERT INTO `absence` (`debut`,`fin`,`id_employe`,`id_type`,`id_statut`,`id_service_rh`) VALUES ("2017-03-24","2016-11-08",10,2,4,3),("2017-05-14","2015-02-27",13,4,6,2),("2015-05-17","2017-01-19",21,3,1,2),("2015-04-07","2017-04-19",29,1,1,4),("2017-01-10","2015-05-17",8,6,3,1),("2015-08-28","2015-12-12",15,5,5,3),("2015-06-23","2016-11-07",12,6,5,4),("2017-01-11","2016-06-20",16,6,5,1),("2016-05-08","2016-01-05",2,3,2,4),("2016-04-15","2017-08-07",2,5,2,1);
INSERT INTO `absence` (`debut`,`fin`,`id_employe`,`id_type`,`id_statut`,`id_service_rh`) VALUES ("2016-07-19","2015-04-29",17,3,6,2),("2015-01-28","2015-03-07",5,4,3,4),("2016-08-25","2015-03-15",2,4,6,3),("2017-10-13","2015-01-18",21,5,3,3),("2017-06-20","2015-10-17",1,6,1,3),("2015-08-31","2016-02-28",19,4,3,1),("2016-04-13","2017-05-27",2,1,4,4),("2017-09-08","2016-05-11",26,3,5,1),("2017-03-13","2016-10-06",29,3,2,2),("2015-02-15","2016-07-13",10,1,1,2);
INSERT INTO `absence` (`debut`,`fin`,`id_employe`,`id_type`,`id_statut`,`id_service_rh`) VALUES ("2016-03-30","2017-11-10",14,4,4,3),("2015-09-17","2015-03-18",30,6,2,1),("2017-09-16","2016-10-07",27,5,6,2),("2015-02-20","2016-04-10",28,4,6,2),("2015-05-31","2016-03-13",29,4,1,2),("2016-01-27","2015-02-12",14,5,6,4),("2017-09-18","2016-06-20",21,2,3,1),("2017-01-25","2015-11-29",7,1,3,3),("2016-08-25","2017-12-09",18,6,1,3),("2017-12-10","2015-07-08",13,4,6,4);
INSERT INTO `absence` (`debut`,`fin`,`id_employe`,`id_type`,`id_statut`,`id_service_rh`) VALUES ("2016-04-09","2015-05-01",5,4,4,1),("2016-08-06","2016-04-25",14,6,3,2),("2016-07-06","2016-12-13",7,6,4,1),("2017-05-12","2017-07-13",9,6,5,2),("2015-05-21","2015-06-26",11,3,3,3),("2017-10-05","2015-12-01",4,4,2,4),("2017-08-28","2015-09-28",30,6,6,2),("2015-12-08","2016-12-31",5,5,1,3),("2016-06-12","2017-09-20",6,3,3,1),("2017-04-19","2015-04-07",30,6,5,3);
INSERT INTO `absence` (`debut`,`fin`,`id_employe`,`id_type`,`id_statut`,`id_service_rh`) VALUES ("2015-07-10","2017-06-22",16,3,2,3),("2017-07-08","2015-11-30",23,3,2,3),("2015-09-20","2017-06-08",21,5,4,4),("2016-01-14","2016-07-18",17,1,4,4),("2015-01-17","2015-12-17",6,4,5,3),("2015-04-24","2015-08-06",18,3,3,3),("2017-04-30","2017-09-06",6,2,1,1),("2017-11-24","2017-03-03",11,1,4,4),("2016-07-15","2016-10-12",25,5,2,2),("2016-08-01","2015-01-27",8,1,2,2);
INSERT INTO `absence` (`debut`,`fin`,`id_employe`,`id_type`,`id_statut`,`id_service_rh`) VALUES ("2017-09-06","2016-05-26",10,1,5,2),("2015-01-25","2015-07-07",10,6,6,1),("2015-06-05","2017-11-09",27,6,5,4),("2015-01-14","2015-01-20",17,5,5,3),("2015-08-29","2017-08-19",26,1,6,2),("2017-07-14","2015-09-29",8,1,4,2),("2016-03-18","2016-12-27",19,3,2,3),("2016-10-06","2015-02-07",17,5,4,3),("2017-01-29","2015-11-10",24,5,3,2),("2015-06-20","2016-04-06",11,4,5,3);
INSERT INTO `absence` (`debut`,`fin`,`id_employe`,`id_type`,`id_statut`,`id_service_rh`) VALUES ("2015-01-20","2015-12-31",21,4,2,4),("2015-02-04","2017-11-06",24,2,2,3),("2017-05-16","2017-08-20",27,1,1,4),("2017-06-13","2015-06-03",19,1,5,3),("2017-11-03","2017-09-21",29,5,6,4),("2015-09-23","2015-10-20",29,3,4,3),("2016-02-08","2016-05-15",26,1,1,3),("2016-02-20","2016-06-29",13,1,4,1),("2015-01-23","2016-03-19",14,5,2,4),("2015-02-25","2015-10-13",28,3,1,1);
INSERT INTO `absence` (`debut`,`fin`,`id_employe`,`id_type`,`id_statut`,`id_service_rh`) VALUES ("2015-11-19","2015-08-31",13,6,6,2),("2015-01-02","2017-04-17",26,1,3,2),("2017-10-19","2015-11-12",18,3,4,1),("2016-08-06","2015-12-03",29,3,6,1),("2017-05-26","2015-08-02",17,4,3,3),("2017-12-10","2015-10-25",25,4,5,2),("2017-08-25","2016-01-25",3,6,6,2),("2015-04-07","2015-07-22",15,6,2,2),("2017-12-05","2016-06-07",15,2,3,4),("2017-04-16","2016-08-04",11,1,3,2);
COMMIT;


SET AUTOCOMMIT=0;
INSERT INTO `employe` (`nom`,`prenom`,`matricule`,`nb_cp`,`nb_rtt`,`nb_rc`,`reliquat_ca`,`reliquat_rtt`,`id_equipe`,`id_service_rh`) VALUES ("Humphrey","Damian","NBZB03",4,12,1,4,1,41,4),("Nichols","Keely","SOCN06",9,10,7,4,4,11,1),("Stevens","Jacob","EEKA31",20,3,2,5,5,52,1),("Potts","Mikayla","RCKZ40",7,3,19,2,2,40,3),("Mcintosh","Chantale","ZALJ46",15,3,21,4,2,17,3),("Melendez","Virginia","RARN26",5,15,19,1,5,13,3),("Weaver","Ivan","GKWE50",15,11,18,5,5,39,3),("Velazquez","Paloma","XMNN68",19,7,10,3,5,42,2),("Fields","MacKensie","LVPU69",19,14,3,1,1,59,2),("Flores","Katelyn","KYET11",17,7,24,3,5,52,2);
INSERT INTO `employe` (`nom`,`prenom`,`matricule`,`nb_cp`,`nb_rtt`,`nb_rc`,`reliquat_ca`,`reliquat_rtt`,`id_equipe`,`id_service_rh`) VALUES ("Berry","Lee","DKVO24",2,8,2,4,2,28,3),("Walls","Ishmael","COSA47",18,7,26,5,3,22,4),("Blevins","Irene","HRUB67",13,15,18,5,4,57,4),("Walter","Lisandra","GDUW23",5,11,23,3,4,28,1),("Schwartz","Rae","PQPW16",4,5,1,5,4,60,3),("Perez","Ferdinand","CZNZ49",11,15,28,1,5,14,4),("Owens","Jessamine","MZWH88",1,11,4,4,3,46,2),("Keith","Riley","NBUX19",16,8,21,2,5,28,4),("Wooten","Marvin","RKFO98",9,4,25,5,1,21,3),("Glenn","Ocean","LXMN76",13,15,28,1,2,55,2);
INSERT INTO `employe` (`nom`,`prenom`,`matricule`,`nb_cp`,`nb_rtt`,`nb_rc`,`reliquat_ca`,`reliquat_rtt`,`id_equipe`,`id_service_rh`) VALUES ("Wallace","Anika","WCNR73",13,14,19,4,3,34,3),("Ortiz","Hope","DFYF49",5,14,27,4,2,51,3),("Dickson","Jacob","LBYW53",12,11,15,5,4,59,1),("York","Alyssa","PIBI11",5,10,2,5,1,35,4),("Leblanc","Brooke","CSAP72",19,8,7,4,4,18,4),("Aguirre","Veronica","QQKF97",13,13,2,2,4,61,1),("Rivas","Madison","MPXA81",12,6,12,1,4,25,2),("Dickerson","Henry","QABC40",10,1,13,1,3,13,1),("Petersen","Doris","JLGV98",11,9,23,3,2,9,1),("Burch","Hadassah","HUJQ49",10,6,1,4,1,47,4);
INSERT INTO `employe` (`nom`,`prenom`,`matricule`,`nb_cp`,`nb_rtt`,`nb_rc`,`reliquat_ca`,`reliquat_rtt`,`id_equipe`,`id_service_rh`) VALUES ("Bray","Montana","RWOI23",19,14,4,1,3,57,3),("Frederick","Julie","AKTW13",15,8,22,1,5,54,3),("Copeland","Sydnee","QCRZ33",19,12,28,5,3,30,4),("Vang","Christian","ZWHR48",16,6,28,5,5,27,3),("Prince","Sonia","MFLT74",15,4,20,1,1,42,2),("Trujillo","Adele","MAFB70",10,6,7,1,3,38,2),("Weeks","Cody","RQCX79",10,13,17,1,1,36,2),("Trujillo","Joan","PXDZ64",17,2,24,4,2,34,4),("Beard","Regina","NFIS93",5,8,25,2,5,39,3),("Estes","Rashad","TVFQ93",11,6,5,2,2,9,4);
INSERT INTO `employe` (`nom`,`prenom`,`matricule`,`nb_cp`,`nb_rtt`,`nb_rc`,`reliquat_ca`,`reliquat_rtt`,`id_equipe`,`id_service_rh`) VALUES ("Hurley","Lacy","UKLV53",8,5,14,5,3,22,3),("Waller","Sacha","KRSD37",14,4,20,4,5,46,2),("Warner","Kareem","MODN50",8,9,18,2,1,13,1),("Stewart","Brynn","HPIT75",2,6,27,4,4,31,3),("Bentley","Keely","KCRA01",11,3,13,4,3,10,4),("Frederick","Autumn","YCNZ20",15,2,7,3,3,47,1),("Norman","Howard","VHNL11",1,15,5,4,2,32,2),("Bryan","Wynter","TBJP83",3,6,1,4,1,17,3),("Merrill","Macon","ASNL92",17,6,22,4,3,16,1),("Nguyen","Ulysses","JFFE27",17,9,25,2,4,50,3);
INSERT INTO `employe` (`nom`,`prenom`,`matricule`,`nb_cp`,`nb_rtt`,`nb_rc`,`reliquat_ca`,`reliquat_rtt`,`id_equipe`,`id_service_rh`) VALUES ("Conway","Shoshana","WYBJ68",6,4,5,5,5,43,4),("Carver","Kasimir","KDIL53",20,11,22,1,5,46,3),("Diaz","Fulton","EODK54",1,15,27,1,5,44,4),("Haley","Quyn","NVTL28",16,14,24,1,3,31,4),("Weiss","Meghan","NWHM16",13,2,25,5,1,37,1),("Williamson","Anjolie","TUWJ29",3,2,20,3,3,24,4),("Winters","Stacey","SAPG91",19,9,26,2,1,9,2),("Ayers","Lars","GNLT18",15,5,24,2,3,31,2),("Marquez","Skyler","JQAV68",7,6,26,4,1,16,2),("Oneal","Carissa","XSIK76",1,8,26,4,2,49,2);
INSERT INTO `employe` (`nom`,`prenom`,`matricule`,`nb_cp`,`nb_rtt`,`nb_rc`,`reliquat_ca`,`reliquat_rtt`,`id_equipe`,`id_service_rh`) VALUES ("Frost","Nigel","XXZB00",15,11,12,1,2,24,4),("Rosales","Holmes","KSHX45",3,10,9,5,3,13,4),("House","Ivana","QOGZ94",2,8,20,2,2,13,3),("Scott","Ira","QDSM60",10,6,7,1,3,59,3),("Case","Ian","SFLM20",16,3,1,4,3,50,4),("Robbins","Peter","JITP06",3,10,22,1,4,58,2),("Franco","Harriet","XCJU76",1,14,20,1,1,27,3),("Moon","Sharon","OZGI41",1,2,1,2,5,42,2),("Elliott","Virginia","DYNU09",7,6,21,2,2,49,3),("Whitney","Simone","LIFM84",5,3,8,5,1,34,3);
INSERT INTO `employe` (`nom`,`prenom`,`matricule`,`nb_cp`,`nb_rtt`,`nb_rc`,`reliquat_ca`,`reliquat_rtt`,`id_equipe`,`id_service_rh`) VALUES ("Aguirre","Alexander","KXNJ96",9,14,27,3,1,41,3),("Peterson","Paula","BMOW51",9,4,3,2,2,41,4),("Crane","Guinevere","ZSAQ46",9,12,5,1,4,32,3),("Clayton","Boris","YJFJ89",6,13,6,5,2,12,3),("Shepard","Thor","UDXP08",6,6,2,1,5,55,1),("Burt","Eagan","LIMF96",16,7,9,4,3,14,4),("Conner","Dillon","OWOE35",19,15,15,5,1,17,3),("Luna","Jaden","SEKM46",2,12,20,3,1,44,4),("Mcmillan","Nathan","AAKB39",17,15,9,5,2,42,1),("Beck","Colleen","EQAH43",2,5,22,3,1,24,1);
INSERT INTO `employe` (`nom`,`prenom`,`matricule`,`nb_cp`,`nb_rtt`,`nb_rc`,`reliquat_ca`,`reliquat_rtt`,`id_equipe`,`id_service_rh`) VALUES ("Caldwell","Harriet","GBEE49",14,1,18,1,1,17,4),("Romero","Fulton","EUSD00",8,12,16,4,1,50,4),("Kirkland","Imelda","ANHI73",15,2,19,1,5,31,4),("Mcmahon","Rudyard","ULJK02",11,9,21,3,4,35,3),("Weber","Bert","QIGS14",9,7,12,2,3,39,3),("Hardy","Nomlanga","WNZY15",12,12,18,4,5,58,1),("Torres","Kaden","DJBO25",2,15,5,2,4,37,2),("Patterson","Giacomo","NTDN15",4,5,1,4,5,22,3),("Erickson","Tanner","GYNY31",7,6,18,5,1,36,1),("Poole","Kim","PAIQ99",2,13,11,4,1,45,3);
INSERT INTO `employe` (`nom`,`prenom`,`matricule`,`nb_cp`,`nb_rtt`,`nb_rc`,`reliquat_ca`,`reliquat_rtt`,`id_equipe`,`id_service_rh`) VALUES ("Harrison","Zorita","IWQU67",11,9,2,5,3,11,1),("Estes","Maisie","KQWX04",14,8,18,1,3,9,2),("Fernandez","Wyatt","OSPI69",12,6,29,1,2,10,2),("Black","Rose","JMCE24",18,9,9,2,2,59,1),("Kelley","Kuame","KDTZ17",7,14,20,5,5,11,1),("Goodman","Howard","TCHH47",19,1,11,5,2,60,2),("Carter","Ruth","UVOA71",10,12,13,5,4,60,1),("Whitley","Ann","CADP66",11,6,2,4,4,33,1),("Miles","Colleen","EPRI61",4,2,14,1,5,52,3),("Barnett","Demetria","AKLK64",4,11,12,1,4,59,4);
COMMIT;

SET AUTOCOMMIT=0;
INSERT INTO `user` (`email`,`password`,`id_employe`,`id_role`) VALUES ("Aliquam.auctor@vitaeposuereat.ca","WGJZX447",1,1),("sem.ut.cursus@aliquetvelvulputate.com","ZKQPN607",2,2),("eleifend.nunc.risus@Aenean.ca","DZYGY433",3,5),("mauris@Phasellusinfelis.ca","VDORC289",4,1),("consectetuer.ipsum.nunc@etmagnis.edu","EUMRZ515",5,2),("mauris.id.sapien@Sedidrisus.net","CNUAQ640",6,1),("elementum.purus.accumsan@Phasellus.net","TVLDR011",7,5),("dolor.sit@elementumdui.ca","SIMOM657",8,3),("urna.Ut.tincidunt@nonhendreritid.edu","FONJD432",9,5),("lacinia.at.iaculis@euodioPhasellus.ca","SEGPM379",10,2);
INSERT INTO `user` (`email`,`password`,`id_employe`,`id_role`) VALUES ("quam.Curabitur@malesuadamalesuada.co.uk","YEWVY517",11,3),("Duis@felisullamcorper.net","DNFQB180",12,5),("fames.ac@nequesed.co.uk","BHJHA777",13,2),("nibh.dolor.nonummy@parturientmontesnascetur.co.uk","ECBPD491",14,5),("non.leo@mauris.org","YJXCL178",15,4),("semper@Quisque.edu","PTSRW230",16,2),("quis.urna@lobortisrisus.ca","VPROA869",17,2),("velit.in.aliquet@loremtristique.com","UHUOD253",18,2),("Praesent.eu@egetipsumDonec.ca","RGGAK247",19,3),("at.velit.Cras@massa.net","CFCUQ578",20,3);
INSERT INTO `user` (`email`,`password`,`id_employe`,`id_role`) VALUES ("Phasellus.ornare@fermentumconvallis.ca","PBWOC303",21,2),("at@ultriciesadipiscingenim.com","TIPCC192",22,1),("elit.a.feugiat@Ut.net","NJDEM448",23,4),("orci.luctus@ante.com","MRAHC831",24,4),("ipsum@tempusmauris.net","YPEUB854",25,3),("et.netus@cursusdiamat.com","ISBNS121",26,1),("vel.arcu@enimsitamet.com","GFAQQ131",27,1),("tincidunt.vehicula@rutrumnon.net","MJBOS490",28,2),("Ut.semper@dignissim.com","SEKDG931",29,3),("faucibus.Morbi@venenatislacusEtiam.net","XPUIY207",30,1);
INSERT INTO `user` (`email`,`password`,`id_employe`,`id_role`) VALUES ("ipsum.non.arcu@natoquepenatibus.net","FNZEJ711",31,2),("ipsum.dolor.sit@diamvelarcu.org","GPCYY104",32,2),("ut.odio@aultricies.ca","GNYMJ804",33,3),("volutpat@egestas.org","YTLAH417",34,3),("felis@risusIn.co.uk","UKFNC759",35,3),("in.molestie.tortor@mollisPhasellus.org","MFTZE089",36,1),("blandit.at.nisi@vel.ca","OYQEK674",37,1),("fringilla@Vestibulumanteipsum.co.uk","VEXMD969",38,5),("ligula.eu.enim@ac.ca","OSBOF982",39,3),("dolor.tempus.non@semconsequatnec.org","YGREL746",40,5);
INSERT INTO `user` (`email`,`password`,`id_employe`,`id_role`) VALUES ("ante.bibendum.ullamcorper@felis.ca","HXKSU573",41,2),("feugiat.Lorem@telluseuaugue.com","SNTOY422",42,1),("ultricies.dignissim@odiosagittis.com","GYCZQ642",43,4),("Suspendisse.dui.Fusce@vel.net","LKHWH799",44,1),("dui@iaculisodio.ca","REPKO649",45,3),("tortor@arcu.com","CDQNU557",46,3),("ultricies@lorem.org","XXLYS946",47,5),("quis.pede@tinciduntnuncac.edu","ZNJHR012",48,5),("blandit.enim@risusatfringilla.com","JAJRF384",49,2),("tristique.senectus@lorem.org","UOHGW189",50,1);
INSERT INTO `user` (`email`,`password`,`id_employe`,`id_role`) VALUES ("semper@ullamcorperDuisat.edu","DRZOE818",51,2),("magna.Phasellus@Donec.org","JEMJE003",52,3),("purus.ac@ac.edu","WYVDQ170",53,2),("sed.leo@ante.net","NXYMO251",54,1),("Lorem.ipsum.dolor@fringillaeuismodenim.com","HTDHK831",55,5),("ante@bibendumDonecfelis.edu","MUQWF984",56,1),("risus.Nulla@luctusfelispurus.net","LXQIT380",57,3),("aliquet@risus.net","YPIUD654",58,2),("enim@pedeCras.org","CJULF531",59,1),("purus.Duis.elementum@justoeu.net","UCKHG053",60,2);
INSERT INTO `user` (`email`,`password`,`id_employe`,`id_role`) VALUES ("lectus.rutrum@Vivamusnibh.com","NJGGK579",61,3),("facilisis.Suspendisse.commodo@elitpretium.ca","YUORV758",62,2),("interdum.Nunc@Sednullaante.ca","HZGNF544",63,3),("cursus.in.hendrerit@ullamcorper.edu","CEVRC010",64,4),("non.sollicitudin@InloremDonec.edu","CSJWU503",65,3),("vehicula.et.rutrum@Phasellusfermentumconvallis.co.uk","BRCTO622",66,4),("Pellentesque.habitant.morbi@Proindolor.com","TMRXC029",67,5),("Aenean@quisdiam.net","EIZBN449",68,5),("mattis.semper.dui@enimnon.ca","SOEOW580",69,2),("tincidunt.Donec@Phasellusdolor.edu","EZCUV775",70,4);
INSERT INTO `user` (`email`,`password`,`id_employe`,`id_role`) VALUES ("Quisque.libero.lacus@sedconsequatauctor.edu","TENBY727",71,4),("aliquet.molestie@leo.com","FCCZU269",72,3),("Integer.vitae@Maurisnondui.org","WNFIN358",73,1),("facilisis.non.bibendum@suscipitnonummyFusce.org","XIILZ149",74,4),("at.velit@nonante.edu","UKTSN689",75,2),("leo@elit.net","XEHID039",76,5),("magnis@dolordapibusgravida.net","JZKHF676",77,5),("lacus@dis.com","IDKFH450",78,2),("diam@eros.ca","HIZIP652",79,5),("eget.laoreet@Curabiturconsequat.ca","QZNFK654",80,4);
INSERT INTO `user` (`email`,`password`,`id_employe`,`id_role`) VALUES ("aliquet.Proin.velit@enimsitamet.edu","TDJLC978",81,4),("tellus@Donecfelisorci.com","XXDSE983",82,4),("Mauris.molestie.pharetra@ipsum.com","ZIAFX832",83,4),("sit@ultricesposuere.com","TPYNU463",84,2),("Mauris@acarcu.edu","IPKOV155",85,2),("fames.ac@rutrumloremac.org","EVIUU798",86,1),("Integer@InloremDonec.net","DHUBU722",87,1),("magna.Lorem.ipsum@montesnascetur.edu","BMCVN316",88,4),("Vivamus.rhoncus@aliquet.net","QDJZZ373",89,5),("id.erat.Etiam@ipsumac.com","YQFEU571",90,3);
INSERT INTO `user` (`email`,`password`,`id_employe`,`id_role`) VALUES ("nibh@euarcu.edu","ZGGJG758",91,3),("pretium.et.rutrum@enimEtiamimperdiet.co.uk","WOKOF962",92,1),("lobortis.nisi.nibh@leo.net","HFCCI645",93,2),("Duis.gravida@Nullaeget.co.uk","TBYDF416",94,4),("sed@ligulaeu.co.uk","DKTDM765",95,5),("ipsum@utnisia.net","FCVWV489",96,1),("ultrices.mauris.ipsum@Namac.net","IGCUE008",97,5),("interdum.ligula@Inatpede.net","SCARY373",98,3),("massa.lobortis@sitametfaucibus.net","SGKIZ640",99,2),("id.blandit@Sed.ca","ROZWS811",100,1);
COMMIT;
