
-- MySQL Script generated by MySQL Workbench
-- Fri May 19 18:13:56 2017
-- Model: New Model    Version: 1.0
-- MySQL Workbench Forward Engineering

SET @OLD_UNIQUE_CHECKS=@@UNIQUE_CHECKS, UNIQUE_CHECKS=0;
SET @OLD_FOREIGN_KEY_CHECKS=@@FOREIGN_KEY_CHECKS, FOREIGN_KEY_CHECKS=0;
SET @OLD_SQL_MODE=@@SQL_MODE, SQL_MODE='TRADITIONAL,ALLOW_INVALID_DATES';

-- -----------------------------------------------------
-- Schema GestAbsences
-- -----------------------------------------------------
DROP SCHEMA IF EXISTS `GestAbsences` ;

-- -----------------------------------------------------
-- Schema GestAbsences
-- -----------------------------------------------------
CREATE SCHEMA IF NOT EXISTS `GestAbsences` DEFAULT CHARACTER SET utf8 ;
USE `GestAbsences` ;

-- -----------------------------------------------------
-- Table `GestAbsences`.`equipe`
-- -----------------------------------------------------
DROP TABLE IF EXISTS `GestAbsences`.`equipe` ;

CREATE TABLE IF NOT EXISTS `GestAbsences`.`equipe` (
  `id` INT NOT NULL AUTO_INCREMENT,
  `nom` VARCHAR(100) NULL,
  `id_responsable` INT NULL,
  `id_hierarchie` INT NULL,
  PRIMARY KEY (`id`),
  INDEX `fk_equipes_equipe_idx` (`id_hierarchie` ASC),
  INDEX `fk_equipes_employe_idx` (`id_responsable` ASC))
ENGINE = InnoDB;


-- -----------------------------------------------------
-- Table `GestAbsences`.`service_rh`
-- -----------------------------------------------------
DROP TABLE IF EXISTS `GestAbsences`.`service_rh` ;

CREATE TABLE IF NOT EXISTS `GestAbsences`.`service_rh` (
  `id` INT NOT NULL AUTO_INCREMENT,
  `email` VARCHAR(255) NULL,
  `nom` VARCHAR(45) NULL,
  PRIMARY KEY (`id`))
ENGINE = InnoDB;


-- -----------------------------------------------------
-- Table `GestAbsences`.`employe`
-- -----------------------------------------------------
DROP TABLE IF EXISTS `GestAbsences`.`employe` ;

CREATE TABLE IF NOT EXISTS `GestAbsences`.`employe` (
  `id` INT NOT NULL AUTO_INCREMENT,
  `nom` VARCHAR(100) NULL,
  `prenom` VARCHAR(100) NULL,
  `matricule` VARCHAR(45) NULL,
  `nb_ca` INT NULL,
  `nb_rtt` INT NULL,
  `nb_rc` INT NULL,
  `reliquat_ca` INT NULL,
  `reliquat_rtt` INT NULL,
  `id_equipe` INT NULL,
  `id_service_rh` INT NULL,
  PRIMARY KEY (`id`),
  INDEX `fk_employes_equipe_idx` (`id_equipe` ASC),
  INDEX `fk_employes_service_rh_idx` (`id_service_rh` ASC))
ENGINE = InnoDB;


-- -----------------------------------------------------
-- Table `GestAbsences`.`type`
-- -----------------------------------------------------
DROP TABLE IF EXISTS `GestAbsences`.`type` ;

CREATE TABLE IF NOT EXISTS `GestAbsences`.`type` (
  `id` INT NOT NULL AUTO_INCREMENT,
  `nom` VARCHAR(45) NULL,
  PRIMARY KEY (`id`))
ENGINE = InnoDB;


-- -----------------------------------------------------
-- Table `GestAbsences`.`statut`
-- -----------------------------------------------------
DROP TABLE IF EXISTS `GestAbsences`.`statut` ;

CREATE TABLE IF NOT EXISTS `GestAbsences`.`statut` (
  `id` INT NOT NULL AUTO_INCREMENT,
  `nom` VARCHAR(100) NULL,
  `code` INT NULL,
  PRIMARY KEY (`id`))
ENGINE = InnoDB;


-- -----------------------------------------------------
-- Table `GestAbsences`.`absence`
-- -----------------------------------------------------
DROP TABLE IF EXISTS `GestAbsences`.`absence` ;

CREATE TABLE IF NOT EXISTS `GestAbsences`.`absence` (
  `id` INT NOT NULL AUTO_INCREMENT,
  `debut` DATE NULL,
  `fin` DATE NULL,
  `id_employe` INT NULL,
  `id_type` INT NULL,
  `id_statut` INT NULL,
  `id_service_rh` INT NULL,
  PRIMARY KEY (`id`),
  INDEX `fk_absences_employe_idx` (`id_employe` ASC),
  INDEX `fk_absences_type_idx` (`id_type` ASC),
  INDEX `fk_absences_statut_idx` (`id_statut` ASC),
  INDEX `fk_absences_service_rh_idx` (`id_service_rh` ASC))
ENGINE = InnoDB;


-- -----------------------------------------------------
-- Table `GestAbsences`.`role`
-- -----------------------------------------------------
DROP TABLE IF EXISTS `GestAbsences`.`role` ;

CREATE TABLE IF NOT EXISTS `GestAbsences`.`role` (
  `id` INT NOT NULL AUTO_INCREMENT,
  `valeur` INT NULL,
  PRIMARY KEY (`id`))
ENGINE = InnoDB;


-- -----------------------------------------------------
-- Table `GestAbsences`.`user`
-- -----------------------------------------------------
DROP TABLE IF EXISTS `GestAbsences`.`user` ;

CREATE TABLE IF NOT EXISTS `GestAbsences`.`user` (
  `id` INT NOT NULL AUTO_INCREMENT,
  `email` VARCHAR(255) NULL,
  `password` VARCHAR(100) NULL,
  `id_employe` INT NULL,
  `id_role` INT NULL,
  PRIMARY KEY (`id`),
  INDEX `fk_user_employe_idx` (`id_employe` ASC),
  INDEX `fk_users_role_idx` (`id_role` ASC))
ENGINE = InnoDB;


SET SQL_MODE=@OLD_SQL_MODE;
SET FOREIGN_KEY_CHECKS=@OLD_FOREIGN_KEY_CHECKS;
SET UNIQUE_CHECKS=@OLD_UNIQUE_CHECKS;

USE GestAbsences;


-- -----------------------------------------------------
-- Table `GestAbsences`.`absence`
-- -----------------------------------------------------
SET AUTOCOMMIT=0;
INSERT INTO `absence` (`debut`,`fin`,`id_employe`,`id_type`,`id_statut`,`id_service_rh`) VALUES ("2017-05-15","2017-05-19",26,3,5,1),("2017-01-30","2017-02-09",9,4,5,1),("2017-08-23","2017-08-30",16,1,2,2),("2017-03-29","2017-03-31",20,5,3,4),("2017-05-11","2017-05-24",12,1,4,2),("2017-08-17","2017-08-23",13,6,1,2),("2017-07-12","2017-07-26",13,6,1,1),("2017-01-25","2017-01-25",18,6,3,1),("2017-07-13","2017-07-14",27,6,1,3),("2017-05-12","2017-05-19",24,5,4,1);
INSERT INTO `absence` (`debut`,`fin`,`id_employe`,`id_type`,`id_statut`,`id_service_rh`) VALUES ("2017-02-02","2017-02-20",30,4,3,2),("2017-02-06","2017-02-14",19,2,5,1),("2017-02-22","2017-03-13",23,6,3,3),("2017-04-07","2017-04-11",1,6,3,3),("2017-03-13","2017-03-13",23,5,4,3),("2017-01-23","2017-01-23",8,5,4,4),("2017-10-17","2017-10-19",4,2,2,3),("2017-10-02","2017-10-03",5,2,1,4),("2017-10-09","2017-10-19",17,6,2,1),("2017-04-21","2017-05-01",8,1,5,2);
INSERT INTO `absence` (`debut`,`fin`,`id_employe`,`id_type`,`id_statut`,`id_service_rh`) VALUES ("2017-03-24","2017-04-07",10,2,4,3),("2017-05-15","2017-05-26",13,4,3,2),("2017-10-17","2017-10-19",21,3,1,2),("2017-04-07","2017-04-19",29,1,1,4),("2017-01-10","2017-01-17",8,6,3,1),("2017-02-28","2017-03-03",15,5,5,3),("2017-05-23","2017-05-26",12,6,5,4),("2017-06-12","2017-06-20",16,6,5,1),("2017-10-09","2017-10-10",2,3,2,4),("2017-08-14","2017-08-15",2,5,2,1);
INSERT INTO `absence` (`debut`,`fin`,`id_employe`,`id_type`,`id_statut`,`id_service_rh`) VALUES ("2017-07-19","2017-07-21",17,3,4,2),("2017-01-30","2017-02-07",5,4,3,4),("2017-03-27","2017-04-14",2,4,3,3),("2017-03-13","2017-03-17",21,5,3,3),("2017-12-20","2017-12-22",1,6,1,3),("2017-05-01","2017-05-10",19,4,3,1),("2017-04-13","2017-05-05",2,1,4,4),("2017-09-08","2017-09-11",26,3,5,1),("2017-09-13","2017-09-15",29,3,2,2),("2017-07-17","2017-08-11",10,1,1,2);
INSERT INTO `absence` (`debut`,`fin`,`id_employe`,`id_type`,`id_statut`,`id_service_rh`) VALUES ("2017-03-30","2017-04-10",14,4,4,3),("2017-09-18","2017-09-18",30,6,2,1),("2017-02-16","2017-02-22",27,5,3,2),("2017-02-20","2017-03-10",28,4,3,2),("2017-06-01","2017-06-13",29,4,1,2),("2017-01-27","2017-01-27",14,5,3,4),("2017-09-18","2017-09-20",21,2,3,1),("2017-01-25","2017-01-27",7,1,3,3),("2017-08-25","2017-09-19",18,6,1,3),("2017-01-10","2017-01-18",13,4,3,4);
INSERT INTO `absence` (`debut`,`fin`,`id_employe`,`id_type`,`id_statut`,`id_service_rh`) VALUES ("2017-04-10","2017-05-01",5,4,4,1),("2017-03-06","2017-03-24",14,6,3,2),("2017-02-06","2017-02-13",7,6,4,1),("2017-05-11","2017-05-12",9,6,4,2),("2017-05-22","2017-05-26",11,3,3,3),("2017-06-05","2017-06-09",4,4,2,4),("2017-05-29","2017-05-29",30,6,3,2),("2017-11-09","2017-11-09",5,5,1,3),("2017-09-12","2017-09-20",6,3,3,1),("2017-04-19","2017-04-27",30,6,5,3);
INSERT INTO `absence` (`debut`,`fin`,`id_employe`,`id_type`,`id_statut`,`id_service_rh`) VALUES ("2017-07-10","2017-07-12",16,3,2,3),("2017-07-10","2017-07-13",23,3,2,3),("2017-05-22","2017-05-26",21,5,4,4),("2017-01-16","2017-01-18",17,1,4,4),("2017-01-17","2017-01-17",6,4,5,3),("2017-04-24","2017-04-26",18,3,3,3),("2017-05-01","2017-05-05",6,2,1,1),("2017-02-24","2017-03-03",11,1,4,4),("2017-12-15","2017-12-22",25,5,2,2),("2017-08-01","2017-08-25",8,1,2,2);
INSERT INTO `absence` (`debut`,`fin`,`id_employe`,`id_type`,`id_statut`,`id_service_rh`) VALUES ("2017-08-07","2017-08-25",10,1,5,2),("2017-02-24","2017-03-07",10,6,3,1),("2017-01-05","2017-01-09",27,6,5,4),("2017-01-16","2017-01-20",17,5,5,3),("2017-08-09","2017-08-18",26,1,1,2),("2017-06-14","2017-06-29",8,1,4,2),("2017-11-20","2017-11-22",19,3,2,3),("2017-04-06","2017-04-07",17,5,4,3),("2017-01-30","2017-01-31",24,5,3,2),("2017-05-10","2017-05-12",11,4,5,3);
INSERT INTO `absence` (`debut`,`fin`,`id_employe`,`id_type`,`id_statut`,`id_service_rh`) VALUES ("2017-06-20","2017-06-30",21,4,2,4),("2017-07-31","2017-08-04",24,2,2,3),("2017-07-17","2017-08-10",27,1,1,4),("2017-06-13","2017-06-23",19,1,5,3),("2017-06-05","2017-06-07",29,5,3,4),("2017-09-25","2017-09-27",29,3,4,3),("2017-08-01","2017-08-25",26,1,1,3),("2017-02-20","2017-03-17",13,1,4,1),("2017-11-20","2017-11-24",14,5,2,4),("2017-12-05","2017-12-13",28,3,1,1);
INSERT INTO `absence` (`debut`,`fin`,`id_employe`,`id_type`,`id_statut`,`id_service_rh`) VALUES ("2017-05-09","2017-05-12",13,6,3,2),("2017-01-02","2017-01-17",26,1,3,2),("2017-10-19","2017-10-20",18,3,4,1),("2017-08-07","2017-08-09",29,3,5,1),("2017-04-26","2017-05-02",17,4,3,3),("2017-02-10","2017-02-17",25,4,5,2),("2017-04-25","2017-04-25",3,6,3,2),("2017-07-17","2017-07-21",15,6,2,2),("2017-06-05","2017-06-07",15,2,3,4),("2017-04-17","2017-05-04",11,1,3,2);
COMMIT;


-- -----------------------------------------------------
-- Table `GestAbsences`.`employe`
-- -----------------------------------------------------
SET AUTOCOMMIT=0;
INSERT INTO `employe` (`nom`,`prenom`,`matricule`,`nb_ca`,`nb_rtt`,`nb_rc`,`reliquat_ca`,`reliquat_rtt`,`id_equipe`,`id_service_rh`) VALUES ("HUMPHREY","Damian","TYDM21",4,12,1,4,1,41,2),("NICHOLS","Keely","UXCL65",9,10,7,4,4,3,4),("STEVENS","Jacob","VXQT96",20,3,2,5,5,52,3),("POTTS","Mikayla","VGDU81",7,3,19,2,2,40,2),("MCINTOSH","Chantale","DHBR96",15,3,21,4,2,6,3),("MELENDEZ","Virginia","RKJQ89",5,15,19,1,5,4,1),("WEAVER","Ivan","QYSH74",15,11,18,5,5,39,1),("VELAZQUEZ","Paloma","FEGU92",19,7,10,3,5,18,3),("FIELDS","MacKensie","FCMA25",19,14,3,1,1,56,4),("FLORES","Katelyn","WCAM97",17,7,24,3,5,52,3);
INSERT INTO `employe` (`nom`,`prenom`,`matricule`,`nb_ca`,`nb_rtt`,`nb_rc`,`reliquat_ca`,`reliquat_rtt`,`id_equipe`,`id_service_rh`) VALUES ("BERRY","Lee","WVNK86",2,8,2,4,2,28,4),("WALLS","Ishmael","FZRV62",18,7,26,5,3,22,3),("BLEVINS","Irene","KJTW95",13,15,18,5,4,57,4),("WALTER","Lisandra","YLTV74",5,11,23,3,4,28,4),("SCHWARTZ","Rae","DJZQ40",4,5,1,5,4,60,1),("PEREZ","Ferdinand","WBKF15",11,15,28,1,5,14,2),("OWENS","Jessamine","ZBCK68",1,11,4,4,3,46,3),("KEITH","Riley","DJKY58",16,8,21,2,5,26,4),("WOOTEN","Marvin","THBK14",9,4,25,5,1,21,3),("GLENN","Ocean","UCKP17",13,15,28,1,2,55,4);
INSERT INTO `employe` (`nom`,`prenom`,`matricule`,`nb_ca`,`nb_rtt`,`nb_rc`,`reliquat_ca`,`reliquat_rtt`,`id_equipe`,`id_service_rh`) VALUES ("WALLACE","Anika","SQCF97",13,14,19,4,3,34,1),("ORTIZ","Hope","MVJX92",5,14,27,4,2,51,3),("DICKSON","Jacob","RMAY17",12,11,15,5,4,16,3),("YORK","Alyssa","STNQ38",5,10,2,5,1,35,1),("LEBLANC","Brooke","PMTC43",19,8,7,4,4,19,3),("AGUIRRE","Veronica","GDWZ47",13,13,2,2,4,61,1),("RIVAS","Madison","AUTB50",12,6,12,1,4,25,4),("DICKERSON","Henry","LRDB47",10,1,13,1,3,5,2),("PETERSEN","Doris","WRJG28",11,9,23,3,2,1,2),("BURCH","Hadassah","WMPU23",10,6,1,4,1,47,3);
INSERT INTO `employe` (`nom`,`prenom`,`matricule`,`nb_ca`,`nb_rtt`,`nb_rc`,`reliquat_ca`,`reliquat_rtt`,`id_equipe`,`id_service_rh`) VALUES ("BRAY","Montana","LNMH10",19,14,4,1,3,53,3),("FREDERICK","Julie","VQTR86",15,8,22,1,5,54,4),("COPELAND","Sydnee","RGMY61",19,12,28,5,3,30,4),("VANG","Christian","WBUJ17",16,6,28,5,5,27,4),("PRINCE","Sonia","SZKL23",15,4,20,1,1,42,2),("TRUJILLO","Adele","TGBQ12",10,6,7,1,3,38,1),("WEEKS","Cody","NATL23",10,13,17,1,1,36,1),("TRUJILLO","Joan","BYZA32",17,2,24,4,2,34,1),("BEARD","Regina","MRDX41",5,8,25,2,5,39,1),("ESTES","Rashad","CXGN51",11,6,5,2,2,2,3);
INSERT INTO `employe` (`nom`,`prenom`,`matricule`,`nb_ca`,`nb_rtt`,`nb_rc`,`reliquat_ca`,`reliquat_rtt`,`id_equipe`,`id_service_rh`) VALUES ("HURLEY","Lacy","UZBC87",8,5,14,5,3,22,3),("WALLER","Sacha","QEZC98",14,4,20,4,5,48,3),("WARNER","Kareem","PRZG98",8,9,18,2,1,13,2),("STEWART","Brynn","ESRQ92",2,6,27,4,4,31,4),("BENTLEY","Keely","MWLZ28",11,3,13,4,3,10,2),("FREDERICK","Autumn","CJLQ98",15,2,7,3,3,47,3),("NORMAN","Howard","EWRC35",1,15,5,4,2,32,1),("BRYAN","Wynter","QSHK36",3,6,1,4,1,16,3),("MERRILL","Macon","RKMT95",17,6,22,4,3,16,3),("NGUYEN","Ulysses","DGWR39",17,9,25,2,4,18,3);
INSERT INTO `employe` (`nom`,`prenom`,`matricule`,`nb_ca`,`nb_rtt`,`nb_rc`,`reliquat_ca`,`reliquat_rtt`,`id_equipe`,`id_service_rh`) VALUES ("CONWAY","Shoshana","QHSW59",6,4,5,5,5,43,2),("CARVER","Kasimir","DUFZ35",20,11,22,1,5,46,3),("DIAZ","Fulton","SRNT46",1,15,27,1,5,44,2),("HALEY","Quyn","WEBG41",16,14,24,1,3,29,4),("WEISS","Meghan","UCSD36",13,2,25,5,1,37,1),("WILLIAMSON","Anjolie","ULJF38",3,2,20,3,3,24,4),("AYERS","Lars","FQYS75",15,5,24,2,3,7,4),("MARQUEZ","Skyler","QPRM87",7,6,26,4,1,16,3),("ONEAL","Carissa","LJWD98",1,8,26,4,2,49,3),("FROST","Nigel","RLKA23",15,11,12,1,2,23,4);
INSERT INTO `employe` (`nom`,`prenom`,`matricule`,`nb_ca`,`nb_rtt`,`nb_rc`,`reliquat_ca`,`reliquat_rtt`,`id_equipe`,`id_service_rh`) VALUES ("ROSALES","Holmes","UYQC67",3,10,9,5,3,13,2),("HOUSE","Ivana","GPLZ96",2,8,20,2,2,15,3),("SCOTT","Ira","NDJY15",10,6,7,1,3,15,3),("CASE","Ian","JLPV28",16,3,1,4,3,50,3),("ROBBINS","Peter","CJVW19",3,10,22,1,4,58,4),("FRANCO","Harriet","YPDC73",1,14,20,1,1,27,4),("MOON","Sharon","NBQA74",1,2,1,2,5,42,2),("ELLIOTT","Virginia","DWVX45",7,6,21,2,2,49,3),("WHITNEY","Simone","GQNP42",5,3,8,5,1,8,1),("AGUIRRE","Alexander","HVJL50",9,14,27,3,1,41,2);
INSERT INTO `employe` (`nom`,`prenom`,`matricule`,`nb_ca`,`nb_rtt`,`nb_rc`,`reliquat_ca`,`reliquat_rtt`,`id_equipe`,`id_service_rh`) VALUES ("PETERSON","Paula","KEXY60",9,4,3,2,2,15,3),("CRANE","Guinevere","QYFS83",9,12,5,1,4,32,1),("CLAYTON","Boris","CRLE93",6,13,6,5,2,12,2),("SHEPARD","Thor","YWCG49",6,6,2,1,5,55,4),("BURT","Eagan","TQJK34",16,7,9,4,3,16,3),("CONNER","Dillon","RVMA23",19,15,15,5,1,17,3),("LUNA","Jaden","KZLV14",2,12,20,3,1,44,2),("MCMILLAN","Nathan","VBXH94",17,15,9,5,2,43,2),("BECK","Colleen","TLJA23",2,5,22,3,1,24,4),("CALDWELL","Harriet","YQWF17",14,1,18,1,1,18,3);
INSERT INTO `employe` (`nom`,`prenom`,`matricule`,`nb_ca`,`nb_rtt`,`nb_rc`,`reliquat_ca`,`reliquat_rtt`,`id_equipe`,`id_service_rh`) VALUES ("ROMERO","Fulton","MFXJ45",8,12,16,4,1,50,3),("KIRKLAND","Imelda","KZQW29",15,2,19,1,5,31,4),("MCMAHON","Rudyard","TBEP90",11,9,21,3,4,35,1),("WEBER","Bert","PSJZ79",9,7,12,2,3,39,1),("HARDY","Nomlanga","TRBJ97",12,12,18,4,5,58,4),("TORRES","Kaden","FSVX62",2,15,5,2,4,37,1),("PATTERSON","Giacomo","JWVT90",4,5,1,4,5,20,3),("ERICKSON","Tanner","SBKZ23",7,6,18,5,1,36,1),("POOLE","Kim","YJCW32",2,13,11,4,1,45,2),("HARRISON","Zorita","JNCU93",11,9,2,5,3,11,2);
INSERT INTO `employe` (`nom`,`prenom`,`matricule`,`nb_ca`,`nb_rtt`,`nb_rc`,`reliquat_ca`,`reliquat_rtt`,`id_equipe`,`id_service_rh`) VALUES ("ESTES","Maisie","YKFH89",14,8,18,1,3,9,2),("FERNANDEZ","Wyatt","KBLM21",12,6,29,1,2,10,2),("BLACK","Rose","VKFY90",18,9,9,2,2,59,1),("KELLEY","Kuame","HAEK37",7,14,20,5,5,11,2),("GOODMAN","Howard","JALG95",19,1,11,5,2,60,1),("CARTER","Ruth","KGBN89",10,12,13,5,4,61,1),("WHITLEY","Ann","QSNK43",11,6,2,4,4,33,1),("MILES","Colleen","YQTR20",4,2,14,1,5,52,3),("BARNETT","Demetria","AVFB35",4,11,12,1,4,59,1),("WINTERS","Stacey","KCZL72",19,9,26,2,1,9,2);
COMMIT;


-- -----------------------------------------------------
-- Table `GestAbsences`.`equipe`
-- -----------------------------------------------------
SET AUTOCOMMIT=0;
INSERT INTO `equipe` (`nom`,`id_responsable`,`id_hierarchie`) VALUES ("Direction",29,1),("RH",40,1),("Moyens généraux",2,1),("Finance",6,1),("Sce technique",28,1),("Production",5,1),("Commerce",57,1),("Communication",69,1),("Secrétariat",91,1),("Administration",45,1);
INSERT INTO `equipe` (`nom`,`id_responsable`,`id_hierarchie`) VALUES ("Juridique",90,10),("Gouvernance",73,10),("Qualité",43,12),("Stratégie",16,12),("Paye",62,2),("Congés",23,2),("Social",76,2),("Gestion du personnel",8,2),("Vie au travail",25,2),("Assistance sociale",87,17);
INSERT INTO `equipe` (`nom`,`id_responsable`,`id_hierarchie`) VALUES ("Recrutement",19,18),("Discipline",12,18),("Logistique",60,3),("Médecine du travail",56,3),("Gestion client",27,3),("Courrier",18,3),("Restaurant",34,3),("Sécurité",11,25),("Accueil",54,25),("Conciergerie",33,25);
INSERT INTO `equipe` (`nom`,`id_responsable`,`id_hierarchie`) VALUES ("Chauffeur",44,25),("Comptabilité",47,4),("Achat",97,4),("Facturation",21,4),("Trésorerie",24,4),("Contrôle de gestion",37,32),("Synthèse",55,32),("Analytique",36,32),("Recouvrement",7,34),("Maintenance",4,5);
INSERT INTO `equipe` (`nom`,`id_responsable`,`id_hierarchie`) VALUES ("Ingénierie",1,5),("SAV",35,40),("Téléphonie",51,40),("Support informatique",53,40),("Innovation",89,41),("Produit",17,6),("Vente",30,6),("Fabrication",42,46),("Maquette",59,46),("Stock",64,46);
INSERT INTO `equipe` (`nom`,`id_responsable`,`id_hierarchie`) VALUES ("Comptoir",22,47),("Expédition",3,47),("Conditionnement",31,52),("Commercial",32,7),("Marketing",20,7),("Developpement",9,54),("Force de vente",13,54),("Portail",65,55),("Evenementiel",93,8),("Publicité",15,8);
INSERT INTO `equipe` (`nom`,`id_responsable`,`id_hierarchie`) VALUES ("Prospect",26,8);
COMMIT;


-- -----------------------------------------------------
-- Table `GestAbsences`.`role`
-- -----------------------------------------------------
SET AUTOCOMMIT=0;
INSERT INTO `role` (`valeur`) VALUES (0),(1),(2),(3),(4),(5),(6),(7),(8),(9),(10);
COMMIT;


-- -----------------------------------------------------
-- Table `GestAbsences`.`service_rh`
-- -----------------------------------------------------
SET AUTOCOMMIT=0;
INSERT INTO `service_rh` (`email`,`nom`) VALUES ("wynter.bryan@entreprise.com","BRYAN"),("macon.merrill@entreprise.com","MERRILL"),("skyler.marquez@entreprise.com","MARQUEZ"),("eagan.burt@entreprise.com","BURT");
COMMIT;


-- -----------------------------------------------------
-- Table `GestAbsences`.`statut`
-- -----------------------------------------------------
SET AUTOCOMMIT=0;
INSERT INTO `statut` (`nom`,`code`) VALUES ("Nouvelle demande",0),("En attente de validation du Responsable",1),("En attente de décision RH",2),("Validé",3),("Refusé par le Responsable",4),("Refusé par le RH",5);
COMMIT;


-- -----------------------------------------------------
-- Table `GestAbsences`.`type`
-- -----------------------------------------------------
SET AUTOCOMMIT=0;
INSERT INTO `type` (`nom`) VALUES ("Congé payé"),("RTT"),("Repos compensateur"),("Congé maladie"),("Absence irrégulière"),("Autres absences");
COMMIT;


-- -----------------------------------------------------
-- Table `GestAbsences`.`user`
-- -----------------------------------------------------
SET AUTOCOMMIT=0;
INSERT INTO `user` (`email`,`password`,`id_employe`,`id_role`) VALUES ("damian.humphrey@entreprise.com","BJK36ELZ",1,1),("keely.nichols@entreprise.com","HBU72WZM",2,1),("jacob.stevens@entreprise.com","XNW54VSD",3,1),("mikayla.potts@entreprise.com","URX87MTE",4,1),("chantale.mcintosh@entreprise.com","MXW39NZL",5,1),("virginia.melendez@entreprise.com","UCW58VTY",6,1),("ivan.weaver@entreprise.com","BVF20XZG",7,1),("paloma.velazquez@entreprise.com","FDP58CQL",8,5),("mackensie.fields@entreprise.com","HVZ37UPJ",9,1),("katelyn.flores@entreprise.com","PRB80DLW",10,1);
INSERT INTO `user` (`email`,`password`,`id_employe`,`id_role`) VALUES ("lee.berry@entreprise.com","BXG70DRV",11,1),("ishmael.walls@entreprise.com","FNQ61YJB",12,1),("irene.blevins@entreprise.com","XMK92BVJ",13,1),("lisandra.walter@entreprise.com","DTF23LVH",14,1),("rae.schwartz@entreprise.com","BQN63EXJ",15,1),("ferdinand.perez@entreprise.com","VEM78HKN",16,1),("jessamine.owens@entreprise.com","ARZ70ESX",17,1),("riley.keith@entreprise.com","DHA39GSV",18,1),("marvin.wooten@entreprise.com","CVF16BQM",19,1),("ocean.glenn@entreprise.com","YFH62CAT",20,1);
INSERT INTO `user` (`email`,`password`,`id_employe`,`id_role`) VALUES ("anika.wallace@entreprise.com","LWK73GFB",21,1),("hope.ortiz@entreprise.com","UVK96MDX",22,1),("jacob.dickson@entreprise.com","NUP39JHF",23,3),("alyssa.york@entreprise.com","UXC96TNV",24,1),("brooke.leblanc@entreprise.com","DUL50BVZ",25,1),("veronica.aguirre@entreprise.com","ARY13MXE",26,1),("madison.rivas@entreprise.com","VQF94RBA",27,1),("henry.dickerson@entreprise.com","YFX41HTW",28,1),("doris.petersen@entreprise.com","GJW84PEY",29,1),("hadassah.burch@entreprise.com","GAP36TSE",30,1);
INSERT INTO `user` (`email`,`password`,`id_employe`,`id_role`) VALUES ("montana.bray@entreprise.com","BGF91RXH",31,1),("julie.frederick@entreprise.com","GUT31DHW",32,1),("sydnee.copeland@entreprise.com","RMG29BWC",33,1),("christian.vang@entreprise.com","SGX54WLV",34,1),("sonia.prince@entreprise.com","VBP57LZD",35,1),("adele.trujillo@entreprise.com","RST49WEH",36,1),("cody.weeks@entreprise.com","WTK61RCQ",37,1),("joan.trujillo@entreprise.com","PVY21SWU",38,1),("regina.beard@entreprise.com","JPN45UGW",39,1),("rashad.estes@entreprise.com","GEN93HRS",40,1);
INSERT INTO `user` (`email`,`password`,`id_employe`,`id_role`) VALUES ("lacy.hurley@entreprise.com","BYH69JLS",41,1),("sacha.waller@entreprise.com","GWU41FZA",42,1),("kareem.warner@entreprise.com","SHD34YBT",43,1),("brynn.stewart@entreprise.com","BQR74TEY",44,1),("keely.bentley@entreprise.com","BHQ18ELY",45,1),("autumn.frederick@entreprise.com","MZL72ERU",46,1),("howard.norman@entreprise.com","JHT26PEY",47,1),("wynter.bryan@entreprise.com","VRB40ULA",48,2),("macon.merrill@entreprise.com","NPW32JQR",49,2),("ulysses.nguyen@entreprise.com","DRY79HSG",50,4);
INSERT INTO `user` (`email`,`password`,`id_employe`,`id_role`) VALUES ("shoshana.conway@entreprise.com","YWX19CUS",51,1),("kasimir.carver@entreprise.com","YLX14JPA",52,1),("fulton.diaz@entreprise.com","JSC20VFU",53,1),("quyn.haley@entreprise.com","ZUM62CGL",54,1),("meghan.weiss@entreprise.com","QLV46RZA",55,1),("anjolie.williamson@entreprise.com","BPE49THX",56,1),("lars.ayers@entreprise.com","WNF84ZAH",57,1),("skyler.marquez@entreprise.com","FLR29EBW",58,2),("carissa.oneal@entreprise.com","BMC30ZAQ",59,1),("nigel.frost@entreprise.com","TKE62PWZ",60,1);
INSERT INTO `user` (`email`,`password`,`id_employe`,`id_role`) VALUES ("holmes.rosales@entreprise.com","JQD78VRH",61,1),("ivana.house@entreprise.com","LPB19GWF",62,9),("ira.scott@entreprise.com","WFB43QJY",63,8),("ian.case@entreprise.com","TBJ52YKH",64,1),("peter.robbins@entreprise.com","YSM38BCF",65,1),("harriet.franco@entreprise.com","JUF32MZR",66,1),("sharon.moon@entreprise.com","VMW53ALE",67,1),("virginia.elliott@entreprise.com","EPB98WYJ",68,1),("simone.whitney@entreprise.com","VJL86KDR",69,1),("alexander.aguirre@entreprise.com","DAH53RFL",70,1);
INSERT INTO `user` (`email`,`password`,`id_employe`,`id_role`) VALUES ("paula.peterson@entreprise.com","LJZ39HGR",71,8),("guinevere.crane@entreprise.com","NYL53ECV",72,1),("boris.clayton@entreprise.com","MLJ95HVS",73,1),("thor.shepard@entreprise.com","WFC41EMV",74,1),("eagan.burt@entreprise.com","RUB25ZEP",75,2),("dillon.conner@entreprise.com","RYN53MVX",76,1),("jaden.luna@entreprise.com","QZD89JKR",77,1),("nathan.mcmillan@entreprise.com","JMT65AQX",78,1),("colleen.beck@entreprise.com","LXN41GTB",79,1),("harriet.caldwell@entreprise.com","LNG63QVD",80,4);
INSERT INTO `user` (`email`,`password`,`id_employe`,`id_role`) VALUES ("fulton.romero@entreprise.com","VJP23XFC",81,1),("imelda.kirkland@entreprise.com","HYA91FQE",82,1),("rudyard.mcmahon@entreprise.com","QNG16DEA",83,1),("bert.weber@entreprise.com","EFM67SZU",84,1),("nomlanga.hardy@entreprise.com","EQF84CSV",85,1),("kaden.torres@entreprise.com","JES68VFX",86,1),("giacomo.patterson@entreprise.com","VDC20PMH",87,1),("tanner.erickson@entreprise.com","PAL59MGZ",88,1),("kim.poole@entreprise.com","LYT12UCF",89,1),("zorita.harrison@entreprise.com","BGK75XUQ",90,1);
INSERT INTO `user` (`email`,`password`,`id_employe`,`id_role`) VALUES ("maisie.estes@entreprise.com","TZG35YSD",91,1),("wyatt.fernandez@entreprise.com","NCH39WFJ",92,1),("rose.black@entreprise.com","TYQ42GSE",93,1),("kuame.kelley@entreprise.com","SDH43XRQ",94,1),("howard.goodman@entreprise.com","WJV87NKQ",95,1),("ruth.carter@entreprise.com","CFU30SML",96,1),("ann.whitley@entreprise.com","KUJ54QPN",97,1),("colleen.miles@entreprise.com","SBR78QXZ",98,1),("demetria.barnett@entreprise.com","QTG64NJH",99,1),("stacey.winters@entreprise.com","LVJ67BUN",100,1);
COMMIT;

